a5_pattern_1,a5_pattern_2,s5_parent,00027,00035,00036,0006a,00115,00125,00126,00134,00143,00145,00146,00149,0014a,0014c,00152,00154,00158,00164,00168,001c4,00348,00445,00449,00458,00468,0048c,01121,01122,01124,01128,01182,01248,01288,01482,01488
00115,00116,00115,0,0,0,0,1,0,0,0,0,0,0,0,0,0,0,0,0,0,0,0,0,0,0,0,0,0,0,0,0,0,0,0,0,0,0
004bf,004fb,004bf,0,0,0,0,0,0,0,0,0,-1,-1,0,0,-1,0,1,0,1,0,1,0,0,0,-1,-1,1,0,0,0,0,0,0,0,0,0
005af,005f9,005af,0,0,0,0,1,0,0,1,-1,0,-1,-1,0,-1,1,1,0,0,-1,1,1,0,0,-1,-1,1,0,0,0,0,0,0,0,0,0
005dd,006dd,005dd,0,0,0,0,0,0,0,0,0,0,0,0,0,0,-1,-1,-1,1,1,0,0,1,-1,-1,1,0,0,0,0,0,0,0,0,0,0
005ff,006ff,005ff,0,0,0,0,1,1,-1,0,0,1,-1,-1,1,0,-1,-1,-1,1,1,0,0,1,-1,-1,1,0,0,0,0,0,0,0,0,0,0
01236,01325,01236,0,0,1,0,1,-1,0,0,0,0,0,0,0,0,0,-1,0,0,0,0,0,0,0,0,0,0,-1,0,0,0,0,0,0,0,0
01363,01633,01363,0,1,-1,0,2,-1,0,0,1,0,-1,0,0,0,-1,1,0,0,0,0,0,0,0,0,0,0,-1,1,-1,0,0,0,0,0,0
01372,01731,01372,-1,1,1,0,0,-1,0,-1,0,1,0,0,0,0,0,-1,0,0,0,0,0,1,0,0,0,0,-1,1,0,0,0,0,0,0,0
015dc,01d5c,015dc,1,0,-1,0,0,0,0,0,0,0,1,0,0,-1,0,0,0,1,0,-1,0,0,-1,0,1,0,0,0,0,0,0,0,0,0,1
015f9,01f5a,015f9,0,0,0,0,0,1,0,-1,1,0,1,0,0,1,-1,0,0,0,1,-1,-1,-1,0,1,0,-1,-1,0,1,1,0,0,0,0,1
018bc,01b8c,018bc,0,0,-1,1,-1,0,0,0,0,0,0,0,-1,1,0,1,-1,0,0,0,1,0,0,0,0,-1,0,0,0,0,1,0,-1,0,0
01af6,01fa5,01af6,0,0,0,0,2,0,-1,0,0,1,-1,0,1,0,1,0,1,-1,-1,0,0,0,1,1,0,0,-1,0,1,1,0,0,0,0,1
01ef3,01fe3,01ef3,0,0,0,0,-1,0,0,-1,0,1,1,0,0,1,0,-2,1,-1,0,-1,0,0,0,1,1,-1,0,-1,1,0,-1,0,0,0,0
01ef5,01fe6,01ef5,0,0,0,0,0,0,0,0,-1,0,1,-1,0,1,-1,-2,-1,0,1,-1,1,0,-2,-1,1,-1,-2,0,-1,-1,0,0,0,-1,-1
01efa,01fe9,01efa,0,0,0,0,0,0,0,0,1,2,1,1,0,1,-1,-2,-1,0,1,-1,-1,2,0,1,3,-1,2,0,1,1,0,0,0,1,1
01efc,01fec,01efc,0,0,0,0,-1,0,0,1,0,1,1,0,0,1,0,0,-1,-1,0,-1,0,0,0,1,1,-1,0,1,-1,0,1,0,0,0,0
01eff,01fef,01eff,0,0,0,0,0,0,0,0,0,1,1,0,0,1,0,-1,0,-1,0,-1,0,0,0,1,1,-1,0,0,0,0,0,0,0,0,0
03fab,03fba,03fab,0,0,0,0,0,-1,0,1,-1,0,-1,0,0,-1,1,0,0,0,-1,1,1,1,0,-1,0,1,1,0,-1,-1,0,0,0,0,-1
03fae,03fea,03fae,0,0,0,0,2,0,-1,0,0,1,-1,0,1,0,1,0,1,-1,-1,0,0,0,1,1,0,0,-1,0,1,1,0,0,0,0,1
03faf,03ffa,03faf,0,0,0,0,1,0,0,1,-1,0,-1,-1,0,-1,1,1,0,0,-1,1,1,0,0,-1,-1,1,0,0,0,0,0,0,0,0,0
1147d,1174e,1147d,0,1,2,-1,0,0,0,0,0,0,0,0,0,0,0,-2,0,0,-2,0,-1,0,0,0,0,1,0,1,0,0,0,0,1,0,2
117c6,11bca,117c6,1,-1,0,0,0,1,0,1,1,0,0,0,1,-2,-1,2,0,-2,0,0,0,0,1,0,0,-1,0,-1,0,1,-1,0,0,1,0
11ee5,11ee6,11ee5,0,0,0,0,1,-1,1,0,0,-1,1,1,-1,0,-1,-1,-1,1,1,0,0,1,-1,-1,1,0,0,0,0,0,0,0,0,0,0
11ff5,11ff6,11ff5,0,0,0,0,0,0,0,0,0,0,0,0,0,0,-1,-1,-1,1,1,0,0,1,-1,-1,1,0,0,0,0,0,0,0,0,0,0
123b7,132d7,123b7,2,-1,0,-1,0,2,0,0,-2,0,0,0,-2,2,0,0,-2,0,0,0,-1,-2,0,0,0,1,2,-1,2,0,2,0,1,0,0
1277d,1477e,1277d,0,1,2,-1,0,0,0,0,0,0,0,0,0,0,0,-2,0,0,-2,0,-1,0,0,0,0,1,0,1,0,0,0,0,1,0,2
127e4,148bd,127e4,0,1,2,-1,0,0,0,0,0,1,1,-1,-1,0,0,0,-2,-2,0,0,0,1,1,0,0,0,-1,1,1,0,1,0,0,1,0
127ed,14dbd,127ed,0,1,2,-1,0,0,0,0,0,1,1,-1,-1,0,0,0,-2,-2,0,0,0,1,1,0,0,0,-1,1,1,0,1,0,0,1,0
13967,15697,13967,1,0,1,1,-2,-1,0,-1,-2,1,0,0,0,0,-2,1,0,0,0,0,-1,-1,0,-2,1,0,1,0,0,0,0,2,0,-1,0
13991,15992,13991,0,0,1,1,-1,0,0,0,0,1,-1,0,0,0,1,0,-1,0,0,-1,0,0,0,1,-1,0,0,0,-1,1,0,0,1,0,-1
13998,15998,13998,0,0,1,1,0,0,0,-1,0,0,0,0,0,0,1,0,-1,1,0,-1,0,0,0,1,-1,0,0,0,0,0,0,0,0,0,0
139b1,15b92,139b1,1,0,0,1,0,-1,0,0,-1,1,-1,1,0,0,1,0,-1,0,-1,-1,0,0,0,1,0,0,1,0,-1,0,0,0,1,0,-1
139dc,15d9c,139dc,0,0,2,1,0,-2,0,0,1,0,-1,-1,0,1,1,0,-1,0,1,1,0,0,2,1,-1,0,0,0,1,-1,0,0,-1,1,-1
13bcb,15cbb,13bcb,-1,1,0,0,0,-1,0,-1,-1,0,0,0,-1,2,1,-2,0,2,0,0,0,0,-1,0,0,1,0,1,0,-1,1,0,0,-1,0
13bdf,15dbf,13bdf,-1,1,1,0,0,-1,0,-1,0,1,0,0,0,0,0,-1,0,0,0,0,0,1,0,0,0,0,-1,1,0,0,0,0,0,0,0
13dd8,15dd8,13dd8,0,1,0,1,-1,0,0,-1,1,-1,0,0,-1,1,1,0,-1,1,0,-1,0,0,0,1,-1,0,0,0,0,0,0,0,0,0,0
166b5,166d3,166b5,1,0,-1,0,-2,1,0,-1,0,1,-2,0,0,0,0,-1,0,0,0,2,0,-1,0,0,-1,-1,-1,0,2,0,0,-2,1,1,0
169a7,16a97,169a7,1,0,-1,-1,0,-1,0,1,-2,1,0,0,0,0,2,-1,0,0,2,2,-1,1,-2,2,-3,0,1,0,0,0,0,2,0,-1,0
169b5,16b96,169b5,1,0,-1,0,0,-1,0,1,0,1,-2,0,0,0,0,-1,0,0,0,2,0,1,-2,2,-3,-1,1,0,-2,0,0,2,-1,-1,2
169dc,16d9c,169dc,-1,0,1,0,1,0,-1,1,0,0,-1,0,0,1,1,0,0,-1,0,1,0,0,1,0,-1,0,-1,0,0,1,1,0,0,0,-1
179b3,17b93,179b3,1,0,0,1,0,-1,0,0,-1,1,-1,1,0,0,1,0,-1,0,-1,-1,0,0,0,1,0,0,1,0,-1,0,0,0,1,0,-1
199ba,199dc,199ba,1,0,-1,0,-1,0,-1,1,0,0,1,0,0,-1,1,0,0,1,0,-1,0,0,-1,0,1,0,-1,0,0,1,1,0,0,0,1
19aa9,19aaa,19aa9,0,0,0,0,-2,1,-1,1,1,0,-1,-1,0,1,1,0,0,-1,1,1,0,0,1,0,0,0,0,0,0,0,1,0,0,0,-1
19bc9,19cba,19bc9,-2,0,2,1,0,2,0,-2,-1,0,-1,1,0,1,1,0,-1,0,-1,-1,0,0,0,1,-3,0,0,0,-1,1,0,0,1,-1,-1
19bf9,19fba,19bf9,-1,0,1,0,0,0,0,0,0,0,-1,0,0,1,0,0,0,-1,0,1,0,0,1,0,-1,0,0,0,0,0,0,0,0,0,-1
1afdb,1bfce,1afdb,0,0,1,-1,1,0,0,0,0,0,0,0,1,-1,0,-1,1,0,0,0,-1,0,0,0,0,1,0,0,0,0,-1,0,1,0,0
33533,33633,33533,0,1,-2,-1,1,0,0,1,1,-1,0,0,-1,1,-1,0,1,-1,0,1,0,0,0,-1,1,0,0,0,0,0,0,0,0,0,0
335bf,336fb,335bf,0,1,-1,0,2,-1,0,0,1,0,-1,0,0,0,-1,1,0,0,0,0,0,0,0,0,0,0,-1,1,-1,0,0,0,0,0,0
33d5c,33d9c,33d5c,0,0,0,0,-2,1,-1,1,1,0,-1,-1,0,1,1,0,0,-1,1,1,0,0,1,0,0,0,0,0,0,0,1,0,0,0,-1
356ca,35a6c,356ca,0,-1,2,1,4,0,0,2,0,-2,2,2,-2,0,2,-2,0,0,2,2,-1,0,0,-2,0,-1,0,-1,0,2,2,0,1,0,-2
379df,37afd,379df,0,0,1,0,1,-1,0,0,0,0,0,0,0,0,0,-1,0,0,0,0,0,0,0,0,0,0,-1,0,0,0,0,0,0,0,0
37b39,37b93,37b39,0,0,1,1,-1,0,0,0,0,1,-1,0,0,0,1,0,-1,0,0,-1,0,0,0,1,-1,0,0,0,-1,1,0,0,1,0,-1
37f7f,37ff7,37f7f,0,0,0,0,-1,0,0,0,0,0,0,0,0,0,0,0,0,0,0,0,0,0,0,0,0,0,0,0,0,0,0,0,0,0,0
39ddc,3aecd,39ddc,0,0,-1,-1,0,0,0,1,0,0,0,0,0,0,-1,0,1,-1,0,1,0,0,0,-1,1,0,0,0,0,0,0,0,0,0,0
