group,pair_id,fibre_id,left_pattern_id,right_pattern_id,left_mask,right_mask,selected_coordinate_id,separating_coordinate_ids
S4,S4-QP000,S4-QF003,S4-P025,S4-P028,77,83,S4-D3-C002,"[""S4-D3-C002"",""S4-D3-C003"",""S4-D3-C007"",""S4-D3-C008""]"
S4,S4-QP001,S4-QF001,S4-P035,S4-P042,92,101,S4-D3-C002,"[""S4-D3-C002"",""S4-D3-C004"",""S4-D3-C007"",""S4-D3-C011""]"
S4,S4-QP002,S4-QF007,S4-P037,S4-P048,94,109,S4-D3-C001,"[""S4-D3-C001"",""S4-D3-C004"",""S4-D3-C006"",""S4-D3-C011""]"
S4,S4-QP003,S4-QF002,S4-P043,S4-P045,102,106,S4-D3-C001,"[""S4-D3-C001"",""S4-D3-C004"",""S4-D3-C006"",""S4-D3-C011""]"
S4,S4-QP004,S4-QF025,S4-P050,S4-P057,111,123,S4-D3-C001,"[""S4-D3-C001"",""S4-D3-C002"",""S4-D3-C003"",""S4-D3-C004"",""S4-D3-C006"",""S4-D3-C007"",""S4-D3-C008"",""S4-D3-C011""]"
S4,S4-QP005,S4-QF006,S4-P051,S4-P063,115,220,S4-D3-C001,"[""S4-D3-C001"",""S4-D3-C002"",""S4-D3-C003"",""S4-D3-C005"",""S4-D3-C006"",""S4-D3-C007"",""S4-D3-C008"",""S4-D3-C009""]"
S4,S4-QP006,S4-QF000,S4-P052,S4-P066,116,228,S4-D3-C004,"[""S4-D3-C004"",""S4-D3-C005"",""S4-D3-C009"",""S4-D3-C011""]"
S4,S4-QP007,S4-QF024,S4-P055,S4-P069,119,231,S4-D3-C001,"[""S4-D3-C001"",""S4-D3-C002"",""S4-D3-C003"",""S4-D3-C004"",""S4-D3-C005"",""S4-D3-C006"",""S4-D3-C007"",""S4-D3-C008"",""S4-D3-C011""]"
S4,S4-QP008,S4-QF023,S4-P060,S4-P081,126,303,S4-D3-C001,"[""S4-D3-C001"",""S4-D3-C005"",""S4-D3-C006"",""S4-D3-C007"",""S4-D3-C011"",""S4-D3-C012""]"
S4,S4-QP009,S4-QF022,S4-P062,S4-P094,219,591,S4-D3-C000,"[""S4-D3-C000"",""S4-D3-C002"",""S4-D3-C003"",""S4-D3-C007"",""S4-D3-C008"",""S4-D3-C012""]"
S4,S4-QP010,S4-QF021,S4-P064,S4-P101,221,599,S4-D3-C000,"[""S4-D3-C000"",""S4-D3-C002"",""S4-D3-C003"",""S4-D3-C004"",""S4-D3-C011""]"
S4,S4-QP011,S4-QF019,S4-P070,S4-P114,237,633,S4-D3-C000,"[""S4-D3-C000"",""S4-D3-C002"",""S4-D3-C003"",""S4-D3-C007"",""S4-D3-C008"",""S4-D3-C012""]"
S4,S4-QP012,S4-QF018,S4-P071,S4-P131,238,679,S4-D3-C000,"[""S4-D3-C000"",""S4-D3-C002"",""S4-D3-C004"",""S4-D3-C009""]"
S4,S4-QP013,S4-QF020,S4-P073,S4-P122,246,663,S4-D3-C000,"[""S4-D3-C000"",""S4-D3-C001"",""S4-D3-C002"",""S4-D3-C003"",""S4-D3-C004"",""S4-D3-C005"",""S4-D3-C010""]"
S4,S4-QP014,S4-QF017,S4-P085,S4-P115,365,634,S4-D3-C000,"[""S4-D3-C000"",""S4-D3-C001"",""S4-D3-C002"",""S4-D3-C004"",""S4-D3-C005"",""S4-D3-C006""]"
S4,S4-QP015,S4-QF016,S4-P087,S4-P171,373,826,S4-D3-C000,"[""S4-D3-C000"",""S4-D3-C002"",""S4-D3-C007"",""S4-D3-C012""]"
S4,S4-QP016,S4-QF015,S4-P106,S4-P124,605,667,S4-D3-C003,"[""S4-D3-C003"",""S4-D3-C004"",""S4-D3-C007"",""S4-D3-C011"",""S4-D3-C012""]"
S4,S4-QP017,S4-QF014,S4-P107,S4-P138,606,729,S4-D3-C001,"[""S4-D3-C001"",""S4-D3-C002"",""S4-D3-C003"",""S4-D3-C004"",""S4-D3-C006"",""S4-D3-C007"",""S4-D3-C008"",""S4-D3-C011""]"
S4,S4-QP018,S4-QF004,S4-P109,S4-P129,625,675,S4-D3-C003,"[""S4-D3-C003"",""S4-D3-C004"",""S4-D3-C008"",""S4-D3-C009"",""S4-D3-C011""]"
S4,S4-QP019,S4-QF010,S4-P111,S4-P133,627,686,S4-D3-C003,"[""S4-D3-C003"",""S4-D3-C004"",""S4-D3-C008"",""S4-D3-C009"",""S4-D3-C011""]"
S4,S4-QP020,S4-QF010,S4-P111,S4-P144,627,739,S4-D3-C001,"[""S4-D3-C001"",""S4-D3-C002"",""S4-D3-C003"",""S4-D3-C004"",""S4-D3-C006"",""S4-D3-C007"",""S4-D3-C008"",""S4-D3-C009"",""S4-D3-C011""]"
S4,S4-QP021,S4-QF010,S4-P111,S4-P155,627,753,S4-D3-C001,"[""S4-D3-C001"",""S4-D3-C002"",""S4-D3-C006"",""S4-D3-C007""]"
S4,S4-QP022,S4-QF012,S4-P112,S4-P140,630,732,S4-D3-C003,"[""S4-D3-C003"",""S4-D3-C005"",""S4-D3-C006"",""S4-D3-C007"",""S4-D3-C010"",""S4-D3-C011"",""S4-D3-C012""]"
S4,S4-QP023,S4-QF028,S4-P113,S4-P147,631,743,S4-D3-C001,"[""S4-D3-C001"",""S4-D3-C002"",""S4-D3-C003"",""S4-D3-C005"",""S4-D3-C006"",""S4-D3-C007"",""S4-D3-C008"",""S4-D3-C009""]"
S4,S4-QP024,S4-QF029,S4-P116,S4-P161,635,761,S4-D3-C001,"[""S4-D3-C001"",""S4-D3-C004"",""S4-D3-C006"",""S4-D3-C011""]"
S4,S4-QP025,S4-QF005,S4-P119,S4-P123,659,666,S4-D3-C001,"[""S4-D3-C001"",""S4-D3-C002"",""S4-D3-C003"",""S4-D3-C005"",""S4-D3-C006"",""S4-D3-C007"",""S4-D3-C008"",""S4-D3-C009""]"
S4,S4-QP026,S4-QF013,S4-P126,S4-P146,670,742,S4-D3-C001,"[""S4-D3-C001"",""S4-D3-C002"",""S4-D3-C003"",""S4-D3-C004"",""S4-D3-C006"",""S4-D3-C007"",""S4-D3-C008"",""S4-D3-C009"",""S4-D3-C010"",""S4-D3-C011""]"
S4,S4-QP027,S4-QF010,S4-P133,S4-P144,686,739,S4-D3-C001,"[""S4-D3-C001"",""S4-D3-C002"",""S4-D3-C006"",""S4-D3-C007""]"
S4,S4-QP028,S4-QF010,S4-P133,S4-P155,686,753,S4-D3-C001,"[""S4-D3-C001"",""S4-D3-C002"",""S4-D3-C003"",""S4-D3-C004"",""S4-D3-C006"",""S4-D3-C007"",""S4-D3-C008"",""S4-D3-C009"",""S4-D3-C011""]"
S4,S4-QP029,S4-QF011,S4-P135,S4-P157,694,756,S4-D3-C004,"[""S4-D3-C004"",""S4-D3-C005"",""S4-D3-C009"",""S4-D3-C011""]"
S4,S4-QP030,S4-QF010,S4-P144,S4-P155,739,753,S4-D3-C003,"[""S4-D3-C003"",""S4-D3-C004"",""S4-D3-C008"",""S4-D3-C009"",""S4-D3-C011""]"
S4,S4-QP031,S4-QF009,S4-P145,S4-P149,741,746,S4-D3-C007,"[""S4-D3-C007"",""S4-D3-C009"",""S4-D3-C011"",""S4-D3-C012""]"
S4,S4-QP032,S4-QF008,S4-P151,S4-P169,748,822,S4-D3-C001,"[""S4-D3-C001"",""S4-D3-C002"",""S4-D3-C003"",""S4-D3-C004"",""S4-D3-C005"",""S4-D3-C006"",""S4-D3-C007"",""S4-D3-C008"",""S4-D3-C011""]"
S4,S4-QP033,S4-QF027,S4-P153,S4-P175,750,875,S4-D3-C001,"[""S4-D3-C001"",""S4-D3-C002"",""S4-D3-C003"",""S4-D3-C005"",""S4-D3-C006"",""S4-D3-C007"",""S4-D3-C008"",""S4-D3-C009""]"
S4,S4-QP034,S4-QF033,S4-P154,S4-P163,751,763,S4-D3-C002,"[""S4-D3-C002"",""S4-D3-C003"",""S4-D3-C007"",""S4-D3-C008""]"
S4,S4-QP035,S4-QF032,S4-P166,S4-P192,766,957,S4-D3-C001,"[""S4-D3-C001"",""S4-D3-C004"",""S4-D3-C006"",""S4-D3-C011""]"
S4,S4-QP036,S4-QF026,S4-P179,S4-P188,883,947,S4-D3-C003,"[""S4-D3-C003"",""S4-D3-C004"",""S4-D3-C008"",""S4-D3-C009"",""S4-D3-C011""]"
S4,S4-QP037,S4-QF031,S4-P182,S4-P183,887,891,S4-D3-C002,"[""S4-D3-C002"",""S4-D3-C004"",""S4-D3-C007"",""S4-D3-C011""]"
S4,S4-QP038,S4-QF030,S4-P190,S4-P193,951,958,S4-D3-C004,"[""S4-D3-C004"",""S4-D3-C005"",""S4-D3-C009"",""S4-D3-C011""]"
A4,A4-QP000,A4-QF007,A4-P049,A4-P060,94,109,A4-D3-C002,"[""A4-D3-C002"",""A4-D3-C005"",""A4-D3-C011"",""A4-D3-C016""]"
A4,A4-QP001,A4-QF003,A4-P052,A4-P082,99,156,A4-D3-C001,"[""A4-D3-C001"",""A4-D3-C002"",""A4-D3-C005"",""A4-D3-C008"",""A4-D3-C014"",""A4-D3-C018""]"
A4,A4-QP002,A4-QF002,A4-P055,A4-P057,102,106,A4-D3-C001,"[""A4-D3-C001"",""A4-D3-C006"",""A4-D3-C008"",""A4-D3-C009"",""A4-D3-C011"",""A4-D3-C016""]"
A4,A4-QP003,A4-QF042,A4-P062,A4-P085,111,159,A4-D3-C001,"[""A4-D3-C001"",""A4-D3-C003"",""A4-D3-C005"",""A4-D3-C007"",""A4-D3-C008"",""A4-D3-C011"",""A4-D3-C012"",""A4-D3-C014"",""A4-D3-C016"",""A4-D3-C017"",""A4-D3-C018""]"
A4,A4-QP004,A4-QF001,A4-P063,A4-P097,114,180,A4-D3-C002,"[""A4-D3-C002"",""A4-D3-C005"",""A4-D3-C006"",""A4-D3-C009"",""A4-D3-C010"",""A4-D3-C019""]"
A4,A4-QP005,A4-QF039,A4-P068,A4-P123,119,252,A4-D3-C002,"[""A4-D3-C002"",""A4-D3-C003"",""A4-D3-C004"",""A4-D3-C005"",""A4-D3-C009"",""A4-D3-C010"",""A4-D3-C012"",""A4-D3-C013"",""A4-D3-C014"",""A4-D3-C018"",""A4-D3-C019""]"
A4,A4-QP006,A4-QF041,A4-P070,A4-P103,123,189,A4-D3-C002,"[""A4-D3-C002"",""A4-D3-C003"",""A4-D3-C004"",""A4-D3-C005"",""A4-D3-C008"",""A4-D3-C010"",""A4-D3-C012"",""A4-D3-C013"",""A4-D3-C014"",""A4-D3-C018"",""A4-D3-C019""]"
A4,A4-QP007,A4-QF038,A4-P073,A4-P137,126,317,A4-D3-C002,"[""A4-D3-C002"",""A4-D3-C004"",""A4-D3-C006"",""A4-D3-C007"",""A4-D3-C009"",""A4-D3-C010"",""A4-D3-C011"",""A4-D3-C012"",""A4-D3-C016"",""A4-D3-C019"",""A4-D3-C020""]"
A4,A4-QP008,A4-QF006,A4-P093,A4-P096,173,179,A4-D3-C001,"[""A4-D3-C001"",""A4-D3-C008"",""A4-D3-C010"",""A4-D3-C019""]"
A4,A4-QP009,A4-QF037,A4-P100,A4-P133,183,303,A4-D3-C001,"[""A4-D3-C001"",""A4-D3-C004"",""A4-D3-C006"",""A4-D3-C007"",""A4-D3-C009"",""A4-D3-C010"",""A4-D3-C011"",""A4-D3-C012"",""A4-D3-C016"",""A4-D3-C019"",""A4-D3-C020""]"
A4,A4-QP010,A4-QF040,A4-P104,A4-P114,190,231,A4-D3-C001,"[""A4-D3-C001"",""A4-D3-C003"",""A4-D3-C006"",""A4-D3-C007"",""A4-D3-C008"",""A4-D3-C011"",""A4-D3-C012"",""A4-D3-C014"",""A4-D3-C016"",""A4-D3-C017"",""A4-D3-C018""]"
A4,A4-QP011,A4-QF036,A4-P106,A4-P153,219,591,A4-D3-C000,"[""A4-D3-C000"",""A4-D3-C003"",""A4-D3-C004"",""A4-D3-C007"",""A4-D3-C012"",""A4-D3-C013"",""A4-D3-C017"",""A4-D3-C020""]"
A4,A4-QP012,A4-QF034,A4-P108,A4-P160,221,599,A4-D3-C000,"[""A4-D3-C000"",""A4-D3-C001"",""A4-D3-C002"",""A4-D3-C003"",""A4-D3-C004"",""A4-D3-C005"",""A4-D3-C006"",""A4-D3-C007"",""A4-D3-C008"",""A4-D3-C009"",""A4-D3-C019""]"
A4,A4-QP013,A4-QF035,A4-P109,A4-P174,222,615,A4-D3-C000,"[""A4-D3-C000"",""A4-D3-C001"",""A4-D3-C002"",""A4-D3-C003"",""A4-D3-C004"",""A4-D3-C005"",""A4-D3-C006"",""A4-D3-C007"",""A4-D3-C008"",""A4-D3-C009"",""A4-D3-C016""]"
A4,A4-QP014,A4-QF005,A4-P112,A4-P115,229,236,A4-D3-C006,"[""A4-D3-C006"",""A4-D3-C009"",""A4-D3-C014"",""A4-D3-C018""]"
A4,A4-QP015,A4-QF031,A4-P116,A4-P189,237,633,A4-D3-C000,"[""A4-D3-C000"",""A4-D3-C003"",""A4-D3-C004"",""A4-D3-C007"",""A4-D3-C012"",""A4-D3-C013"",""A4-D3-C017"",""A4-D3-C020""]"
A4,A4-QP016,A4-QF032,A4-P117,A4-P209,238,679,A4-D3-C000,"[""A4-D3-C000"",""A4-D3-C001"",""A4-D3-C002"",""A4-D3-C003"",""A4-D3-C004"",""A4-D3-C005"",""A4-D3-C006"",""A4-D3-C007"",""A4-D3-C008"",""A4-D3-C009"",""A4-D3-C014""]"
A4,A4-QP017,A4-QF030,A4-P120,A4-P256,245,791,A4-D3-C000,"[""A4-D3-C000"",""A4-D3-C001"",""A4-D3-C002"",""A4-D3-C003"",""A4-D3-C004"",""A4-D3-C005"",""A4-D3-C006"",""A4-D3-C007"",""A4-D3-C008"",""A4-D3-C009"",""A4-D3-C018""]"
A4,A4-QP018,A4-QF033,A4-P121,A4-P200,246,663,A4-D3-C000,"[""A4-D3-C000"",""A4-D3-C001"",""A4-D3-C002"",""A4-D3-C003"",""A4-D3-C004"",""A4-D3-C005"",""A4-D3-C006"",""A4-D3-C007"",""A4-D3-C008"",""A4-D3-C009"",""A4-D3-C015""]"
A4,A4-QP019,A4-QF029,A4-P140,A4-P192,365,636,A4-D3-C000,"[""A4-D3-C000"",""A4-D3-C001"",""A4-D3-C002"",""A4-D3-C003"",""A4-D3-C004"",""A4-D3-C005"",""A4-D3-C006"",""A4-D3-C007"",""A4-D3-C008"",""A4-D3-C009"",""A4-D3-C011""]"
A4,A4-QP020,A4-QF028,A4-P141,A4-P190,366,634,A4-D3-C000,"[""A4-D3-C000"",""A4-D3-C001"",""A4-D3-C002"",""A4-D3-C003"",""A4-D3-C004"",""A4-D3-C005"",""A4-D3-C006"",""A4-D3-C007"",""A4-D3-C008"",""A4-D3-C009"",""A4-D3-C010""]"
A4,A4-QP021,A4-QF027,A4-P143,A4-P323,373,993,A4-D3-C000,"[""A4-D3-C000"",""A4-D3-C003"",""A4-D3-C004"",""A4-D3-C007"",""A4-D3-C012"",""A4-D3-C013"",""A4-D3-C017"",""A4-D3-C020""]"
A4,A4-QP022,A4-QF026,A4-P147,A4-P267,430,826,A4-D3-C000,"[""A4-D3-C000"",""A4-D3-C003"",""A4-D3-C004"",""A4-D3-C007"",""A4-D3-C012"",""A4-D3-C013"",""A4-D3-C017"",""A4-D3-C020""]"
A4,A4-QP023,A4-QF000,A4-P157,A4-P169,596,610,A4-D3-C010,"[""A4-D3-C010"",""A4-D3-C011"",""A4-D3-C014"",""A4-D3-C016"",""A4-D3-C018"",""A4-D3-C019""]"
A4,A4-QP024,A4-QF021,A4-P165,A4-P217,605,723,A4-D3-C004,"[""A4-D3-C004"",""A4-D3-C005"",""A4-D3-C006"",""A4-D3-C007"",""A4-D3-C009"",""A4-D3-C010"",""A4-D3-C011"",""A4-D3-C012"",""A4-D3-C016"",""A4-D3-C019"",""A4-D3-C020""]"
A4,A4-QP025,A4-QF020,A4-P166,A4-P221,606,729,A4-D3-C002,"[""A4-D3-C002"",""A4-D3-C003"",""A4-D3-C004"",""A4-D3-C005"",""A4-D3-C010"",""A4-D3-C012"",""A4-D3-C013"",""A4-D3-C014"",""A4-D3-C016"",""A4-D3-C018"",""A4-D3-C019""]"
A4,A4-QP026,A4-QF024,A4-P177,A4-P202,619,667,A4-D3-C004,"[""A4-D3-C004"",""A4-D3-C006"",""A4-D3-C007"",""A4-D3-C008"",""A4-D3-C009"",""A4-D3-C010"",""A4-D3-C011"",""A4-D3-C012"",""A4-D3-C016"",""A4-D3-C019"",""A4-D3-C020""]"
A4,A4-QP027,A4-QF023,A4-P180,A4-P222,622,730,A4-D3-C001,"[""A4-D3-C001"",""A4-D3-C003"",""A4-D3-C007"",""A4-D3-C008"",""A4-D3-C011"",""A4-D3-C012"",""A4-D3-C014"",""A4-D3-C016"",""A4-D3-C017"",""A4-D3-C018"",""A4-D3-C019""]"
A4,A4-QP028,A4-QF011,A4-P184,A4-P258,627,795,A4-D3-C001,"[""A4-D3-C001"",""A4-D3-C003"",""A4-D3-C007"",""A4-D3-C008"",""A4-D3-C010"",""A4-D3-C011"",""A4-D3-C012"",""A4-D3-C014"",""A4-D3-C016"",""A4-D3-C017"",""A4-D3-C018""]"
A4,A4-QP029,A4-QF015,A4-P186,A4-P230,629,739,A4-D3-C002,"[""A4-D3-C002"",""A4-D3-C003"",""A4-D3-C004"",""A4-D3-C005"",""A4-D3-C010"",""A4-D3-C011"",""A4-D3-C012"",""A4-D3-C013"",""A4-D3-C014"",""A4-D3-C018"",""A4-D3-C019""]"
A4,A4-QP030,A4-QF018,A4-P187,A4-P224,630,732,A4-D3-C004,"[""A4-D3-C004"",""A4-D3-C006"",""A4-D3-C007"",""A4-D3-C009"",""A4-D3-C010"",""A4-D3-C011"",""A4-D3-C012"",""A4-D3-C015"",""A4-D3-C016"",""A4-D3-C019"",""A4-D3-C020""]"
A4,A4-QP031,A4-QF045,A4-P191,A4-P263,635,815,A4-D3-C001,"[""A4-D3-C001"",""A4-D3-C008"",""A4-D3-C010"",""A4-D3-C019""]"
A4,A4-QP032,A4-QF046,A4-P193,A4-P248,637,761,A4-D3-C002,"[""A4-D3-C002"",""A4-D3-C005"",""A4-D3-C011"",""A4-D3-C016""]"
A4,A4-QP033,A4-QF004,A4-P198,A4-P199,661,662,A4-D3-C001,"[""A4-D3-C001"",""A4-D3-C002"",""A4-D3-C005"",""A4-D3-C006"",""A4-D3-C008"",""A4-D3-C009"",""A4-D3-C010"",""A4-D3-C011"",""A4-D3-C014"",""A4-D3-C016"",""A4-D3-C018"",""A4-D3-C019""]"
A4,A4-QP034,A4-QF025,A4-P203,A4-P219,669,726,A4-D3-C005,"[""A4-D3-C005"",""A4-D3-C006"",""A4-D3-C008"",""A4-D3-C009"",""A4-D3-C014"",""A4-D3-C016"",""A4-D3-C018"",""A4-D3-C019""]"
A4,A4-QP035,A4-QF022,A4-P204,A4-P232,670,742,A4-D3-C001,"[""A4-D3-C001"",""A4-D3-C003"",""A4-D3-C007"",""A4-D3-C008"",""A4-D3-C011"",""A4-D3-C012"",""A4-D3-C014"",""A4-D3-C015"",""A4-D3-C016"",""A4-D3-C017"",""A4-D3-C018""]"
A4,A4-QP036,A4-QF014,A4-P211,A4-P261,686,811,A4-D3-C001,"[""A4-D3-C001"",""A4-D3-C002"",""A4-D3-C003"",""A4-D3-C004"",""A4-D3-C005"",""A4-D3-C010"",""A4-D3-C012"",""A4-D3-C013"",""A4-D3-C014"",""A4-D3-C018"",""A4-D3-C019""]"
A4,A4-QP037,A4-QF016,A4-P213,A4-P300,694,924,A4-D3-C001,"[""A4-D3-C001"",""A4-D3-C002"",""A4-D3-C005"",""A4-D3-C006"",""A4-D3-C010"",""A4-D3-C011"",""A4-D3-C014"",""A4-D3-C016""]"
A4,A4-QP038,A4-QF019,A4-P218,A4-P242,725,754,A4-D3-C002,"[""A4-D3-C002"",""A4-D3-C003"",""A4-D3-C004"",""A4-D3-C005"",""A4-D3-C010"",""A4-D3-C012"",""A4-D3-C013"",""A4-D3-C014"",""A4-D3-C015"",""A4-D3-C018"",""A4-D3-C019""]"
A4,A4-QP039,A4-QF013,A4-P231,A4-P235,741,746,A4-D3-C004,"[""A4-D3-C004"",""A4-D3-C006"",""A4-D3-C007"",""A4-D3-C009"",""A4-D3-C010"",""A4-D3-C011"",""A4-D3-C012"",""A4-D3-C016"",""A4-D3-C018"",""A4-D3-C019"",""A4-D3-C020""]"
A4,A4-QP040,A4-QF010,A4-P237,A4-P280,748,873,A4-D3-C001,"[""A4-D3-C001"",""A4-D3-C003"",""A4-D3-C007"",""A4-D3-C008"",""A4-D3-C009"",""A4-D3-C011"",""A4-D3-C012"",""A4-D3-C014"",""A4-D3-C016"",""A4-D3-C017"",""A4-D3-C018""]"
A4,A4-QP041,A4-QF012,A4-P241,A4-P272,753,853,A4-D3-C001,"[""A4-D3-C001"",""A4-D3-C002"",""A4-D3-C003"",""A4-D3-C007"",""A4-D3-C008"",""A4-D3-C011"",""A4-D3-C012"",""A4-D3-C014"",""A4-D3-C016"",""A4-D3-C017"",""A4-D3-C018""]"
A4,A4-QP042,A4-QF017,A4-P244,A4-P297,756,917,A4-D3-C001,"[""A4-D3-C001"",""A4-D3-C002"",""A4-D3-C008"",""A4-D3-C009"",""A4-D3-C010"",""A4-D3-C011"",""A4-D3-C018"",""A4-D3-C019""]"
A4,A4-QP043,A4-QF043,A4-P246,A4-P301,758,925,A4-D3-C001,"[""A4-D3-C001"",""A4-D3-C002"",""A4-D3-C005"",""A4-D3-C006"",""A4-D3-C008"",""A4-D3-C009"",""A4-D3-C010"",""A4-D3-C011"",""A4-D3-C014"",""A4-D3-C016"",""A4-D3-C018"",""A4-D3-C019""]"
A4,A4-QP044,A4-QF050,A4-P247,A4-P303,759,927,A4-D3-C001,"[""A4-D3-C001"",""A4-D3-C002"",""A4-D3-C005"",""A4-D3-C008"",""A4-D3-C014"",""A4-D3-C018""]"
A4,A4-QP045,A4-QF049,A4-P253,A4-P314,766,957,A4-D3-C001,"[""A4-D3-C001"",""A4-D3-C006"",""A4-D3-C008"",""A4-D3-C009"",""A4-D3-C011"",""A4-D3-C016""]"
A4,A4-QP046,A4-QF009,A4-P259,A4-P274,798,857,A4-D3-C004,"[""A4-D3-C004"",""A4-D3-C006"",""A4-D3-C007"",""A4-D3-C009"",""A4-D3-C010"",""A4-D3-C011"",""A4-D3-C012"",""A4-D3-C014"",""A4-D3-C016"",""A4-D3-C019"",""A4-D3-C020""]"
A4,A4-QP047,A4-QF008,A4-P265,A4-P276,822,860,A4-D3-C002,"[""A4-D3-C002"",""A4-D3-C003"",""A4-D3-C004"",""A4-D3-C005"",""A4-D3-C006"",""A4-D3-C010"",""A4-D3-C012"",""A4-D3-C013"",""A4-D3-C014"",""A4-D3-C018"",""A4-D3-C019""]"
A4,A4-QP048,A4-QF044,A4-P266,A4-P291,823,889,A4-D3-C006,"[""A4-D3-C006"",""A4-D3-C009"",""A4-D3-C014"",""A4-D3-C018""]"
A4,A4-QP049,A4-QF048,A4-P320,A4-P333,989,1014,A4-D3-C002,"[""A4-D3-C002"",""A4-D3-C005"",""A4-D3-C006"",""A4-D3-C009"",""A4-D3-C010"",""A4-D3-C019""]"
A4,A4-QP050,A4-QF047,A4-P342,A4-P345,1758,1774,A4-D3-C010,"[""A4-D3-C010"",""A4-D3-C011"",""A4-D3-C014"",""A4-D3-C016"",""A4-D3-C018"",""A4-D3-C019""]"
