group,fibre_id,fibre_size,signature_through_2,pattern_ids,canonical_masks
S4,S4-QF000,2,"[4,1,0,2,1,2]","[""S4-P052"",""S4-P066""]","[116,228]"
S4,S4-QF001,2,"[4,1,0,3,1,1]","[""S4-P035"",""S4-P042""]","[92,101]"
S4,S4-QF002,2,"[4,1,1,1,1,2]","[""S4-P043"",""S4-P045""]","[102,106]"
S4,S4-QF003,2,"[4,1,1,3,1,0]","[""S4-P025"",""S4-P028""]","[77,83]"
S4,S4-QF004,2,"[5,1,0,6,1,2]","[""S4-P109"",""S4-P129""]","[625,675]"
S4,S4-QF005,2,"[5,1,1,4,2,2]","[""S4-P119"",""S4-P123""]","[659,666]"
S4,S4-QF006,2,"[5,2,1,4,1,2]","[""S4-P051"",""S4-P063""]","[115,220]"
S4,S4-QF007,2,"[5,2,1,4,2,1]","[""S4-P037"",""S4-P048""]","[94,109]"
S4,S4-QF008,2,"[6,2,1,5,4,3]","[""S4-P151"",""S4-P169""]","[748,822]"
S4,S4-QF009,2,"[6,2,1,6,3,3]","[""S4-P145"",""S4-P149""]","[741,746]"
S4,S4-QF010,4,"[6,2,1,7,2,3]","[""S4-P111"",""S4-P133"",""S4-P144"",""S4-P155""]","[627,686,739,753]"
S4,S4-QF011,2,"[6,2,2,4,2,5]","[""S4-P135"",""S4-P157""]","[694,756]"
S4,S4-QF012,2,"[6,2,2,4,3,4]","[""S4-P112"",""S4-P140""]","[630,732]"
S4,S4-QF013,2,"[6,2,2,5,2,4]","[""S4-P126"",""S4-P146""]","[670,742]"
S4,S4-QF014,2,"[6,2,2,5,4,2]","[""S4-P107"",""S4-P138""]","[606,729]"
S4,S4-QF015,2,"[6,2,2,6,3,2]","[""S4-P106"",""S4-P124""]","[605,667]"
S4,S4-QF016,2,"[6,3,0,6,3,3]","[""S4-P087"",""S4-P171""]","[373,826]"
S4,S4-QF017,2,"[6,3,1,4,4,3]","[""S4-P085"",""S4-P115""]","[365,634]"
S4,S4-QF018,2,"[6,3,1,6,2,3]","[""S4-P071"",""S4-P131""]","[238,679]"
S4,S4-QF019,2,"[6,3,1,6,3,2]","[""S4-P070"",""S4-P114""]","[237,633]"
S4,S4-QF020,2,"[6,3,2,4,2,4]","[""S4-P073"",""S4-P122""]","[246,663]"
S4,S4-QF021,2,"[6,3,2,6,2,2]","[""S4-P064"",""S4-P101""]","[221,599]"
S4,S4-QF022,2,"[6,3,3,6,3,0]","[""S4-P062"",""S4-P094""]","[219,591]"
S4,S4-QF023,2,"[6,4,1,4,3,3]","[""S4-P060"",""S4-P081""]","[126,303]"
S4,S4-QF024,2,"[6,4,1,5,2,3]","[""S4-P055"",""S4-P069""]","[119,231]"
S4,S4-QF025,2,"[6,4,2,5,2,2]","[""S4-P050"",""S4-P057""]","[111,123]"
S4,S4-QF026,2,"[7,3,1,10,3,4]","[""S4-P179"",""S4-P188""]","[883,947]"
S4,S4-QF027,2,"[7,3,2,8,4,4]","[""S4-P153"",""S4-P175""]","[750,875]"
S4,S4-QF028,2,"[7,4,2,8,3,4]","[""S4-P113"",""S4-P147""]","[631,743]"
S4,S4-QF029,2,"[7,4,2,8,4,3]","[""S4-P116"",""S4-P161""]","[635,761]"
S4,S4-QF030,2,"[8,5,2,10,5,6]","[""S4-P190"",""S4-P193""]","[951,958]"
S4,S4-QF031,2,"[8,5,2,11,5,5]","[""S4-P182"",""S4-P183""]","[887,891]"
S4,S4-QF032,2,"[8,5,3,9,5,6]","[""S4-P166"",""S4-P192""]","[766,957]"
S4,S4-QF033,2,"[8,5,3,11,5,4]","[""S4-P154"",""S4-P163""]","[751,763]"
A4,A4-QF000,2,"[4,0,1,1,1,1,1,1]","[""A4-P157"",""A4-P169""]","[596,610]"
A4,A4-QF001,2,"[4,1,1,0,1,1,1,1]","[""A4-P063"",""A4-P097""]","[114,180]"
A4,A4-QF002,2,"[4,1,1,1,0,1,1,1]","[""A4-P055"",""A4-P057""]","[102,106]"
A4,A4-QF003,2,"[4,1,1,1,1,0,1,1]","[""A4-P052"",""A4-P082""]","[99,156]"
A4,A4-QF004,2,"[5,1,2,1,1,1,2,2]","[""A4-P198"",""A4-P199""]","[661,662]"
A4,A4-QF005,2,"[5,2,0,2,2,2,1,1]","[""A4-P112"",""A4-P115""]","[229,236]"
A4,A4-QF006,2,"[5,2,1,2,2,2,0,1]","[""A4-P093"",""A4-P096""]","[173,179]"
A4,A4-QF007,2,"[5,2,1,2,2,2,1,0]","[""A4-P049"",""A4-P060""]","[94,109]"
A4,A4-QF008,2,"[6,2,1,2,3,4,1,2]","[""A4-P265"",""A4-P276""]","[822,860]"
A4,A4-QF009,2,"[6,2,1,2,4,3,1,2]","[""A4-P259"",""A4-P274""]","[798,857]"
A4,A4-QF010,2,"[6,2,1,3,2,4,2,1]","[""A4-P237"",""A4-P280""]","[748,873]"
A4,A4-QF011,2,"[6,2,1,3,4,2,1,2]","[""A4-P184"",""A4-P258""]","[627,795]"
A4,A4-QF012,2,"[6,2,1,3,4,2,2,1]","[""A4-P241"",""A4-P272""]","[753,853]"
A4,A4-QF013,2,"[6,2,1,4,2,3,2,1]","[""A4-P231"",""A4-P235""]","[741,746]"
A4,A4-QF014,2,"[6,2,1,4,3,2,1,2]","[""A4-P211"",""A4-P261""]","[686,811]"
A4,A4-QF015,2,"[6,2,1,4,3,2,2,1]","[""A4-P186"",""A4-P230""]","[629,739]"
A4,A4-QF016,2,"[6,2,2,2,2,2,2,3]","[""A4-P213"",""A4-P300""]","[694,924]"
A4,A4-QF017,2,"[6,2,2,2,2,2,3,2]","[""A4-P244"",""A4-P297""]","[756,917]"
A4,A4-QF018,2,"[6,2,2,2,2,3,2,2]","[""A4-P187"",""A4-P224""]","[630,732]"
A4,A4-QF019,2,"[6,2,2,2,3,2,2,2]","[""A4-P218"",""A4-P242""]","[725,754]"
A4,A4-QF020,2,"[6,2,2,2,3,4,1,1]","[""A4-P166"",""A4-P221""]","[606,729]"
A4,A4-QF021,2,"[6,2,2,2,4,3,1,1]","[""A4-P165"",""A4-P217""]","[605,723]"
A4,A4-QF022,2,"[6,2,2,3,2,2,2,2]","[""A4-P204"",""A4-P232""]","[670,742]"
A4,A4-QF023,2,"[6,2,2,3,2,4,1,1]","[""A4-P180"",""A4-P222""]","[622,730]"
A4,A4-QF024,2,"[6,2,2,4,2,3,1,1]","[""A4-P177"",""A4-P202""]","[619,667]"
A4,A4-QF025,2,"[6,2,3,2,2,2,2,2]","[""A4-P203"",""A4-P219""]","[669,726]"
A4,A4-QF026,2,"[6,3,0,3,3,3,0,3]","[""A4-P147"",""A4-P267""]","[430,826]"
A4,A4-QF027,2,"[6,3,0,3,3,3,3,0]","[""A4-P143"",""A4-P323""]","[373,993]"
A4,A4-QF028,2,"[6,3,1,2,2,4,1,2]","[""A4-P141"",""A4-P190""]","[366,634]"
A4,A4-QF029,2,"[6,3,1,2,2,4,2,1]","[""A4-P140"",""A4-P192""]","[365,636]"
A4,A4-QF030,2,"[6,3,1,2,4,2,2,1]","[""A4-P120"",""A4-P256""]","[245,791]"
A4,A4-QF031,2,"[6,3,1,3,3,3,1,1]","[""A4-P116"",""A4-P189""]","[237,633]"
A4,A4-QF032,2,"[6,3,1,4,2,2,1,2]","[""A4-P117"",""A4-P209""]","[238,679]"
A4,A4-QF033,2,"[6,3,2,2,2,2,2,2]","[""A4-P121"",""A4-P200""]","[246,663]"
A4,A4-QF034,2,"[6,3,2,2,4,2,1,1]","[""A4-P108"",""A4-P160""]","[221,599]"
A4,A4-QF035,2,"[6,3,2,4,2,2,1,1]","[""A4-P109"",""A4-P174""]","[222,615]"
A4,A4-QF036,2,"[6,3,3,3,3,3,0,0]","[""A4-P106"",""A4-P153""]","[219,591]"
A4,A4-QF037,2,"[6,4,1,2,2,3,1,2]","[""A4-P100"",""A4-P133""]","[183,303]"
A4,A4-QF038,2,"[6,4,1,2,2,3,2,1]","[""A4-P073"",""A4-P137""]","[126,317]"
A4,A4-QF039,2,"[6,4,1,2,3,2,2,1]","[""A4-P068"",""A4-P123""]","[119,252]"
A4,A4-QF040,2,"[6,4,1,3,2,2,1,2]","[""A4-P104"",""A4-P114""]","[190,231]"
A4,A4-QF041,2,"[6,4,2,2,3,2,1,1]","[""A4-P070"",""A4-P103""]","[123,189]"
A4,A4-QF042,2,"[6,4,2,3,2,2,1,1]","[""A4-P062"",""A4-P085""]","[111,159]"
A4,A4-QF043,2,"[7,3,3,3,3,3,3,3]","[""A4-P246"",""A4-P301""]","[758,925]"
A4,A4-QF044,2,"[7,4,1,4,4,4,2,2]","[""A4-P266"",""A4-P291""]","[823,889]"
A4,A4-QF045,2,"[7,4,2,4,4,4,1,2]","[""A4-P191"",""A4-P263""]","[635,815]"
A4,A4-QF046,2,"[7,4,2,4,4,4,2,1]","[""A4-P193"",""A4-P248""]","[637,761]"
A4,A4-QF047,2,"[8,4,3,5,5,5,3,3]","[""A4-P342"",""A4-P345""]","[1758,1774]"
A4,A4-QF048,2,"[8,5,3,4,5,5,3,3]","[""A4-P320"",""A4-P333""]","[989,1014]"
A4,A4-QF049,2,"[8,5,3,5,4,5,3,3]","[""A4-P253"",""A4-P314""]","[766,957]"
A4,A4-QF050,2,"[8,5,3,5,5,4,3,3]","[""A4-P247"",""A4-P303""]","[759,927]"
