group,minimum_size,minimum_set_count,minimum_set_index,coordinate_ids
S4,2,2,0,"[""S4-D3-C002"",""S4-D3-C011""]"
S4,2,2,1,"[""S4-D3-C004"",""S4-D3-C007""]"
A4,4,128,0,"[""A4-D3-C000"",""A4-D3-C010"",""A4-D3-C011"",""A4-D3-C014""]"
A4,4,128,1,"[""A4-D3-C000"",""A4-D3-C010"",""A4-D3-C011"",""A4-D3-C018""]"
A4,4,128,2,"[""A4-D3-C000"",""A4-D3-C010"",""A4-D3-C014"",""A4-D3-C016""]"
A4,4,128,3,"[""A4-D3-C000"",""A4-D3-C010"",""A4-D3-C016"",""A4-D3-C018""]"
A4,4,128,4,"[""A4-D3-C000"",""A4-D3-C011"",""A4-D3-C014"",""A4-D3-C019""]"
A4,4,128,5,"[""A4-D3-C000"",""A4-D3-C011"",""A4-D3-C018"",""A4-D3-C019""]"
A4,4,128,6,"[""A4-D3-C000"",""A4-D3-C014"",""A4-D3-C016"",""A4-D3-C019""]"
A4,4,128,7,"[""A4-D3-C000"",""A4-D3-C016"",""A4-D3-C018"",""A4-D3-C019""]"
A4,4,128,8,"[""A4-D3-C001"",""A4-D3-C002"",""A4-D3-C004"",""A4-D3-C014""]"
A4,4,128,9,"[""A4-D3-C001"",""A4-D3-C002"",""A4-D3-C004"",""A4-D3-C018""]"
A4,4,128,10,"[""A4-D3-C001"",""A4-D3-C002"",""A4-D3-C007"",""A4-D3-C014""]"
A4,4,128,11,"[""A4-D3-C001"",""A4-D3-C002"",""A4-D3-C007"",""A4-D3-C018""]"
A4,4,128,12,"[""A4-D3-C001"",""A4-D3-C002"",""A4-D3-C012"",""A4-D3-C014""]"
A4,4,128,13,"[""A4-D3-C001"",""A4-D3-C002"",""A4-D3-C012"",""A4-D3-C018""]"
A4,4,128,14,"[""A4-D3-C001"",""A4-D3-C002"",""A4-D3-C014"",""A4-D3-C020""]"
A4,4,128,15,"[""A4-D3-C001"",""A4-D3-C002"",""A4-D3-C018"",""A4-D3-C020""]"
A4,4,128,16,"[""A4-D3-C001"",""A4-D3-C003"",""A4-D3-C006"",""A4-D3-C011""]"
A4,4,128,17,"[""A4-D3-C001"",""A4-D3-C003"",""A4-D3-C006"",""A4-D3-C016""]"
A4,4,128,18,"[""A4-D3-C001"",""A4-D3-C003"",""A4-D3-C009"",""A4-D3-C011""]"
A4,4,128,19,"[""A4-D3-C001"",""A4-D3-C003"",""A4-D3-C009"",""A4-D3-C016""]"
A4,4,128,20,"[""A4-D3-C001"",""A4-D3-C004"",""A4-D3-C005"",""A4-D3-C014""]"
A4,4,128,21,"[""A4-D3-C001"",""A4-D3-C004"",""A4-D3-C005"",""A4-D3-C018""]"
A4,4,128,22,"[""A4-D3-C001"",""A4-D3-C004"",""A4-D3-C006"",""A4-D3-C011""]"
A4,4,128,23,"[""A4-D3-C001"",""A4-D3-C004"",""A4-D3-C006"",""A4-D3-C016""]"
A4,4,128,24,"[""A4-D3-C001"",""A4-D3-C004"",""A4-D3-C009"",""A4-D3-C011""]"
A4,4,128,25,"[""A4-D3-C001"",""A4-D3-C004"",""A4-D3-C009"",""A4-D3-C016""]"
A4,4,128,26,"[""A4-D3-C001"",""A4-D3-C005"",""A4-D3-C007"",""A4-D3-C014""]"
A4,4,128,27,"[""A4-D3-C001"",""A4-D3-C005"",""A4-D3-C007"",""A4-D3-C018""]"
A4,4,128,28,"[""A4-D3-C001"",""A4-D3-C005"",""A4-D3-C012"",""A4-D3-C014""]"
A4,4,128,29,"[""A4-D3-C001"",""A4-D3-C005"",""A4-D3-C012"",""A4-D3-C018""]"
A4,4,128,30,"[""A4-D3-C001"",""A4-D3-C005"",""A4-D3-C014"",""A4-D3-C020""]"
A4,4,128,31,"[""A4-D3-C001"",""A4-D3-C005"",""A4-D3-C018"",""A4-D3-C020""]"
A4,4,128,32,"[""A4-D3-C001"",""A4-D3-C006"",""A4-D3-C011"",""A4-D3-C012""]"
A4,4,128,33,"[""A4-D3-C001"",""A4-D3-C006"",""A4-D3-C011"",""A4-D3-C013""]"
A4,4,128,34,"[""A4-D3-C001"",""A4-D3-C006"",""A4-D3-C012"",""A4-D3-C016""]"
A4,4,128,35,"[""A4-D3-C001"",""A4-D3-C006"",""A4-D3-C013"",""A4-D3-C016""]"
A4,4,128,36,"[""A4-D3-C001"",""A4-D3-C009"",""A4-D3-C011"",""A4-D3-C012""]"
A4,4,128,37,"[""A4-D3-C001"",""A4-D3-C009"",""A4-D3-C011"",""A4-D3-C013""]"
A4,4,128,38,"[""A4-D3-C001"",""A4-D3-C009"",""A4-D3-C012"",""A4-D3-C016""]"
A4,4,128,39,"[""A4-D3-C001"",""A4-D3-C009"",""A4-D3-C013"",""A4-D3-C016""]"
A4,4,128,40,"[""A4-D3-C002"",""A4-D3-C003"",""A4-D3-C006"",""A4-D3-C010""]"
A4,4,128,41,"[""A4-D3-C002"",""A4-D3-C003"",""A4-D3-C006"",""A4-D3-C019""]"
A4,4,128,42,"[""A4-D3-C002"",""A4-D3-C003"",""A4-D3-C009"",""A4-D3-C010""]"
A4,4,128,43,"[""A4-D3-C002"",""A4-D3-C003"",""A4-D3-C009"",""A4-D3-C019""]"
A4,4,128,44,"[""A4-D3-C002"",""A4-D3-C004"",""A4-D3-C008"",""A4-D3-C014""]"
A4,4,128,45,"[""A4-D3-C002"",""A4-D3-C004"",""A4-D3-C008"",""A4-D3-C018""]"
A4,4,128,46,"[""A4-D3-C002"",""A4-D3-C006"",""A4-D3-C007"",""A4-D3-C010""]"
A4,4,128,47,"[""A4-D3-C002"",""A4-D3-C006"",""A4-D3-C007"",""A4-D3-C019""]"
A4,4,128,48,"[""A4-D3-C002"",""A4-D3-C006"",""A4-D3-C010"",""A4-D3-C012""]"
A4,4,128,49,"[""A4-D3-C002"",""A4-D3-C006"",""A4-D3-C010"",""A4-D3-C017""]"
A4,4,128,50,"[""A4-D3-C002"",""A4-D3-C006"",""A4-D3-C012"",""A4-D3-C019""]"
A4,4,128,51,"[""A4-D3-C002"",""A4-D3-C006"",""A4-D3-C017"",""A4-D3-C019""]"
A4,4,128,52,"[""A4-D3-C002"",""A4-D3-C007"",""A4-D3-C008"",""A4-D3-C014""]"
A4,4,128,53,"[""A4-D3-C002"",""A4-D3-C007"",""A4-D3-C008"",""A4-D3-C018""]"
A4,4,128,54,"[""A4-D3-C002"",""A4-D3-C007"",""A4-D3-C009"",""A4-D3-C010""]"
A4,4,128,55,"[""A4-D3-C002"",""A4-D3-C007"",""A4-D3-C009"",""A4-D3-C019""]"
A4,4,128,56,"[""A4-D3-C002"",""A4-D3-C008"",""A4-D3-C012"",""A4-D3-C014""]"
A4,4,128,57,"[""A4-D3-C002"",""A4-D3-C008"",""A4-D3-C012"",""A4-D3-C018""]"
A4,4,128,58,"[""A4-D3-C002"",""A4-D3-C008"",""A4-D3-C014"",""A4-D3-C020""]"
A4,4,128,59,"[""A4-D3-C002"",""A4-D3-C008"",""A4-D3-C018"",""A4-D3-C020""]"
A4,4,128,60,"[""A4-D3-C002"",""A4-D3-C009"",""A4-D3-C010"",""A4-D3-C012""]"
A4,4,128,61,"[""A4-D3-C002"",""A4-D3-C009"",""A4-D3-C010"",""A4-D3-C017""]"
A4,4,128,62,"[""A4-D3-C002"",""A4-D3-C009"",""A4-D3-C012"",""A4-D3-C019""]"
A4,4,128,63,"[""A4-D3-C002"",""A4-D3-C009"",""A4-D3-C017"",""A4-D3-C019""]"
A4,4,128,64,"[""A4-D3-C003"",""A4-D3-C005"",""A4-D3-C006"",""A4-D3-C010""]"
A4,4,128,65,"[""A4-D3-C003"",""A4-D3-C005"",""A4-D3-C006"",""A4-D3-C019""]"
A4,4,128,66,"[""A4-D3-C003"",""A4-D3-C005"",""A4-D3-C009"",""A4-D3-C010""]"
A4,4,128,67,"[""A4-D3-C003"",""A4-D3-C005"",""A4-D3-C009"",""A4-D3-C019""]"
A4,4,128,68,"[""A4-D3-C003"",""A4-D3-C006"",""A4-D3-C008"",""A4-D3-C011""]"
A4,4,128,69,"[""A4-D3-C003"",""A4-D3-C006"",""A4-D3-C008"",""A4-D3-C016""]"
A4,4,128,70,"[""A4-D3-C003"",""A4-D3-C008"",""A4-D3-C009"",""A4-D3-C011""]"
A4,4,128,71,"[""A4-D3-C003"",""A4-D3-C008"",""A4-D3-C009"",""A4-D3-C016""]"
A4,4,128,72,"[""A4-D3-C003"",""A4-D3-C010"",""A4-D3-C011"",""A4-D3-C014""]"
A4,4,128,73,"[""A4-D3-C003"",""A4-D3-C010"",""A4-D3-C011"",""A4-D3-C018""]"
A4,4,128,74,"[""A4-D3-C003"",""A4-D3-C010"",""A4-D3-C014"",""A4-D3-C016""]"
A4,4,128,75,"[""A4-D3-C003"",""A4-D3-C010"",""A4-D3-C016"",""A4-D3-C018""]"
A4,4,128,76,"[""A4-D3-C003"",""A4-D3-C011"",""A4-D3-C014"",""A4-D3-C019""]"
A4,4,128,77,"[""A4-D3-C003"",""A4-D3-C011"",""A4-D3-C018"",""A4-D3-C019""]"
A4,4,128,78,"[""A4-D3-C003"",""A4-D3-C014"",""A4-D3-C016"",""A4-D3-C019""]"
A4,4,128,79,"[""A4-D3-C003"",""A4-D3-C016"",""A4-D3-C018"",""A4-D3-C019""]"
A4,4,128,80,"[""A4-D3-C004"",""A4-D3-C005"",""A4-D3-C008"",""A4-D3-C014""]"
A4,4,128,81,"[""A4-D3-C004"",""A4-D3-C005"",""A4-D3-C008"",""A4-D3-C018""]"
A4,4,128,82,"[""A4-D3-C004"",""A4-D3-C006"",""A4-D3-C008"",""A4-D3-C011""]"
A4,4,128,83,"[""A4-D3-C004"",""A4-D3-C006"",""A4-D3-C008"",""A4-D3-C016""]"
A4,4,128,84,"[""A4-D3-C004"",""A4-D3-C008"",""A4-D3-C009"",""A4-D3-C011""]"
A4,4,128,85,"[""A4-D3-C004"",""A4-D3-C008"",""A4-D3-C009"",""A4-D3-C016""]"
A4,4,128,86,"[""A4-D3-C004"",""A4-D3-C010"",""A4-D3-C011"",""A4-D3-C014""]"
A4,4,128,87,"[""A4-D3-C004"",""A4-D3-C010"",""A4-D3-C011"",""A4-D3-C018""]"
A4,4,128,88,"[""A4-D3-C004"",""A4-D3-C010"",""A4-D3-C014"",""A4-D3-C016""]"
A4,4,128,89,"[""A4-D3-C004"",""A4-D3-C010"",""A4-D3-C016"",""A4-D3-C018""]"
A4,4,128,90,"[""A4-D3-C004"",""A4-D3-C011"",""A4-D3-C014"",""A4-D3-C019""]"
A4,4,128,91,"[""A4-D3-C004"",""A4-D3-C011"",""A4-D3-C018"",""A4-D3-C019""]"
A4,4,128,92,"[""A4-D3-C004"",""A4-D3-C014"",""A4-D3-C016"",""A4-D3-C019""]"
A4,4,128,93,"[""A4-D3-C004"",""A4-D3-C016"",""A4-D3-C018"",""A4-D3-C019""]"
A4,4,128,94,"[""A4-D3-C005"",""A4-D3-C006"",""A4-D3-C007"",""A4-D3-C010""]"
A4,4,128,95,"[""A4-D3-C005"",""A4-D3-C006"",""A4-D3-C007"",""A4-D3-C019""]"
A4,4,128,96,"[""A4-D3-C005"",""A4-D3-C006"",""A4-D3-C010"",""A4-D3-C012""]"
A4,4,128,97,"[""A4-D3-C005"",""A4-D3-C006"",""A4-D3-C010"",""A4-D3-C017""]"
A4,4,128,98,"[""A4-D3-C005"",""A4-D3-C006"",""A4-D3-C012"",""A4-D3-C019""]"
A4,4,128,99,"[""A4-D3-C005"",""A4-D3-C006"",""A4-D3-C017"",""A4-D3-C019""]"
A4,4,128,100,"[""A4-D3-C005"",""A4-D3-C007"",""A4-D3-C008"",""A4-D3-C014""]"
A4,4,128,101,"[""A4-D3-C005"",""A4-D3-C007"",""A4-D3-C008"",""A4-D3-C018""]"
A4,4,128,102,"[""A4-D3-C005"",""A4-D3-C007"",""A4-D3-C009"",""A4-D3-C010""]"
A4,4,128,103,"[""A4-D3-C005"",""A4-D3-C007"",""A4-D3-C009"",""A4-D3-C019""]"
A4,4,128,104,"[""A4-D3-C005"",""A4-D3-C008"",""A4-D3-C012"",""A4-D3-C014""]"
A4,4,128,105,"[""A4-D3-C005"",""A4-D3-C008"",""A4-D3-C012"",""A4-D3-C018""]"
A4,4,128,106,"[""A4-D3-C005"",""A4-D3-C008"",""A4-D3-C014"",""A4-D3-C020""]"
A4,4,128,107,"[""A4-D3-C005"",""A4-D3-C008"",""A4-D3-C018"",""A4-D3-C020""]"
A4,4,128,108,"[""A4-D3-C005"",""A4-D3-C009"",""A4-D3-C010"",""A4-D3-C012""]"
A4,4,128,109,"[""A4-D3-C005"",""A4-D3-C009"",""A4-D3-C010"",""A4-D3-C017""]"
A4,4,128,110,"[""A4-D3-C005"",""A4-D3-C009"",""A4-D3-C012"",""A4-D3-C019""]"
A4,4,128,111,"[""A4-D3-C005"",""A4-D3-C009"",""A4-D3-C017"",""A4-D3-C019""]"
A4,4,128,112,"[""A4-D3-C006"",""A4-D3-C008"",""A4-D3-C011"",""A4-D3-C012""]"
A4,4,128,113,"[""A4-D3-C006"",""A4-D3-C008"",""A4-D3-C011"",""A4-D3-C013""]"
A4,4,128,114,"[""A4-D3-C006"",""A4-D3-C008"",""A4-D3-C012"",""A4-D3-C016""]"
A4,4,128,115,"[""A4-D3-C006"",""A4-D3-C008"",""A4-D3-C013"",""A4-D3-C016""]"
A4,4,128,116,"[""A4-D3-C007"",""A4-D3-C010"",""A4-D3-C011"",""A4-D3-C014""]"
A4,4,128,117,"[""A4-D3-C007"",""A4-D3-C010"",""A4-D3-C011"",""A4-D3-C018""]"
A4,4,128,118,"[""A4-D3-C007"",""A4-D3-C010"",""A4-D3-C014"",""A4-D3-C016""]"
A4,4,128,119,"[""A4-D3-C007"",""A4-D3-C010"",""A4-D3-C016"",""A4-D3-C018""]"
A4,4,128,120,"[""A4-D3-C007"",""A4-D3-C011"",""A4-D3-C014"",""A4-D3-C019""]"
A4,4,128,121,"[""A4-D3-C007"",""A4-D3-C011"",""A4-D3-C018"",""A4-D3-C019""]"
A4,4,128,122,"[""A4-D3-C007"",""A4-D3-C014"",""A4-D3-C016"",""A4-D3-C019""]"
A4,4,128,123,"[""A4-D3-C007"",""A4-D3-C016"",""A4-D3-C018"",""A4-D3-C019""]"
A4,4,128,124,"[""A4-D3-C008"",""A4-D3-C009"",""A4-D3-C011"",""A4-D3-C012""]"
A4,4,128,125,"[""A4-D3-C008"",""A4-D3-C009"",""A4-D3-C011"",""A4-D3-C013""]"
A4,4,128,126,"[""A4-D3-C008"",""A4-D3-C009"",""A4-D3-C012"",""A4-D3-C016""]"
A4,4,128,127,"[""A4-D3-C008"",""A4-D3-C009"",""A4-D3-C013"",""A4-D3-C016""]"
