group,pattern_id,canonical_mask,selected_arc_indices,orbit_size,setwise_stabilizer_order,signature_through_1,signature_through_2,signature_through_3
S4,S4-P000,0,[],1,24,[0],"[0,0,0,0,0,0]","[0,0,0,0,0,0,0,0,0,0,0,0,0,0,0,0,0,0,0]"
S4,S4-P001,1,[0],12,2,[1],"[1,0,0,0,0,0]","[1,0,0,0,0,0,0,0,0,0,0,0,0,0,0,0,0,0,0]"
S4,S4-P002,3,"[0,1]",12,2,[2],"[2,1,0,0,0,0]","[2,1,0,0,0,0,0,0,0,0,0,0,0,0,0,0,0,0,0]"
S4,S4-P003,7,"[0,1,2]",4,6,[3],"[3,3,0,0,0,0]","[3,3,0,0,0,0,1,0,0,0,0,0,0,0,0,0,0,0,0]"
S4,S4-P004,9,"[0,3]",6,4,[2],"[2,0,1,0,0,0]","[2,0,1,0,0,0,0,0,0,0,0,0,0,0,0,0,0,0,0]"
S4,S4-P005,10,"[1,3]",24,1,[2],"[2,0,0,1,0,0]","[2,0,0,1,0,0,0,0,0,0,0,0,0,0,0,0,0,0,0]"
S4,S4-P006,11,"[0,1,3]",24,1,[3],"[3,1,1,1,0,0]","[3,1,1,1,0,0,0,1,0,0,0,0,0,0,0,0,0,0,0]"
S4,S4-P007,14,"[1,2,3]",12,2,[3],"[3,1,0,2,0,0]","[3,1,0,2,0,0,0,0,1,0,0,0,0,0,0,0,0,0,0]"
S4,S4-P008,15,"[0,1,2,3]",12,2,[4],"[4,3,1,2,0,0]","[4,3,1,2,0,0,1,2,1,0,0,0,0,0,0,0,0,0,0]"
S4,S4-P009,18,"[1,4]",12,2,[2],"[2,0,0,0,1,0]","[2,0,0,0,1,0,0,0,0,0,0,0,0,0,0,0,0,0,0]"
S4,S4-P010,19,"[0,1,4]",24,1,[3],"[3,1,0,1,1,0]","[3,1,0,1,1,0,0,0,0,1,0,0,0,0,0,0,0,0,0]"
S4,S4-P011,20,"[2,4]",12,2,[2],"[2,0,0,0,0,1]","[2,0,0,0,0,1,0,0,0,0,0,0,0,0,0,0,0,0,0]"
S4,S4-P012,21,"[0,2,4]",24,1,[3],"[3,1,0,1,0,1]","[3,1,0,1,0,1,0,0,0,0,1,0,0,0,0,0,0,0,0]"
S4,S4-P013,22,"[1,2,4]",24,1,[3],"[3,1,0,0,1,1]","[3,1,0,0,1,1,0,0,0,0,0,1,0,0,0,0,0,0,0]"
S4,S4-P014,23,"[0,1,2,4]",24,1,[4],"[4,3,0,1,1,1]","[4,3,0,1,1,1,1,0,0,1,1,1,0,0,0,0,0,0,0]"
S4,S4-P015,27,"[0,1,3,4]",12,2,[4],"[4,2,1,2,1,0]","[4,2,1,2,1,0,0,2,0,2,0,0,0,0,0,0,0,0,0]"
S4,S4-P016,29,"[0,2,3,4]",12,2,[4],"[4,2,1,2,0,1]","[4,2,1,2,0,1,0,2,0,0,2,0,0,0,0,0,0,0,0]"
S4,S4-P017,30,"[1,2,3,4]",24,1,[4],"[4,2,0,2,1,1]","[4,2,0,2,1,1,0,0,1,1,1,1,0,0,0,0,0,0,0]"
S4,S4-P018,31,"[0,1,2,3,4]",24,1,[5],"[5,4,1,3,1,1]","[5,4,1,3,1,1,1,3,1,2,2,1,0,0,0,0,0,0,0]"
S4,S4-P019,54,"[1,2,4,5]",6,4,[4],"[4,2,0,0,2,2]","[4,2,0,0,2,2,0,0,0,0,0,4,0,0,0,0,0,0,0]"
S4,S4-P020,55,"[0,1,2,4,5]",12,2,[5],"[5,4,0,2,2,2]","[5,4,0,2,2,2,1,0,1,2,2,4,0,0,0,0,0,0,0]"
S4,S4-P021,63,"[0,1,2,3,4,5]",6,4,[6],"[6,6,1,4,2,2]","[6,6,1,4,2,2,2,4,2,4,4,4,0,0,0,0,0,0,0]"
S4,S4-P022,73,"[0,3,6]",24,1,[3],"[3,0,1,1,1,0]","[3,0,1,1,1,0,0,0,0,0,0,0,1,0,0,0,0,0,0]"
S4,S4-P023,75,"[0,1,3,6]",12,2,[4],"[4,1,2,2,1,0]","[4,1,2,2,1,0,0,2,0,0,0,0,2,0,0,0,0,0,0]"
S4,S4-P024,76,"[2,3,6]",12,2,[3],"[3,0,0,2,1,0]","[3,0,0,2,1,0,0,0,0,0,0,0,0,1,0,0,0,0,0]"
S4,S4-P025,77,"[0,2,3,6]",24,1,[4],"[4,1,1,3,1,0]","[4,1,1,3,1,0,0,1,1,0,0,0,1,1,0,0,0,0,0]"
S4,S4-P026,79,"[0,1,2,3,6]",12,2,[5],"[5,3,2,4,1,0]","[5,3,2,4,1,0,1,4,2,0,0,0,2,1,0,0,0,0,0]"
S4,S4-P027,81,"[0,4,6]",8,3,[3],"[3,0,0,3,0,0]","[3,0,0,3,0,0,0,0,0,0,0,0,0,0,1,0,0,0,0]"
S4,S4-P028,83,"[0,1,4,6]",24,1,[4],"[4,1,1,3,1,0]","[4,1,1,3,1,0,0,1,0,1,0,0,1,0,1,0,0,0,0]"
S4,S4-P029,84,"[2,4,6]",24,1,[3],"[3,0,0,2,0,1]","[3,0,0,2,0,1,0,0,0,0,0,0,0,0,0,1,0,0,0]"
S4,S4-P030,85,"[0,2,4,6]",24,1,[4],"[4,1,0,4,0,1]","[4,1,0,4,0,1,0,0,1,0,1,0,0,0,1,1,0,0,0]"
S4,S4-P031,86,"[1,2,4,6]",24,1,[4],"[4,1,1,2,1,1]","[4,1,1,2,1,1,0,1,0,0,0,1,1,0,0,1,0,0,0]"
S4,S4-P032,87,"[0,1,2,4,6]",24,1,[5],"[5,3,1,4,1,1]","[5,3,1,4,1,1,1,2,1,1,1,1,1,0,1,1,0,0,0]"
S4,S4-P033,90,"[1,3,4,6]",12,2,[4],"[4,1,1,2,2,0]","[4,1,1,2,2,0,0,0,0,2,0,0,2,0,0,0,0,0,0]"
S4,S4-P034,91,"[0,1,3,4,6]",24,1,[5],"[5,2,2,4,2,0]","[5,2,2,4,2,0,0,3,0,3,0,0,3,0,1,0,0,0,0]"
S4,S4-P035,92,"[2,3,4,6]",24,1,[4],"[4,1,0,3,1,1]","[4,1,0,3,1,1,0,0,0,1,1,0,0,1,0,1,0,0,0]"
S4,S4-P036,93,"[0,2,3,4,6]",24,1,[5],"[5,2,1,5,1,1]","[5,2,1,5,1,1,0,2,1,1,2,0,1,1,1,1,0,0,0]"
S4,S4-P037,94,"[1,2,3,4,6]",24,1,[5],"[5,2,1,4,2,1]","[5,2,1,4,2,1,0,1,1,2,1,1,2,1,0,1,0,0,0]"
S4,S4-P038,95,"[0,1,2,3,4,6]",24,1,[6],"[6,4,2,6,2,1]","[6,4,2,6,2,1,1,5,2,3,2,1,3,1,1,1,0,0,0]"
S4,S4-P039,98,"[1,5,6]",12,2,[3],"[3,0,1,0,0,2]","[3,0,1,0,0,2,0,0,0,0,0,0,0,0,0,0,1,0,0]"
S4,S4-P040,99,"[0,1,5,6]",24,1,[4],"[4,1,1,2,0,2]","[4,1,1,2,0,2,0,1,0,0,1,0,0,0,0,1,1,0,0]"
S4,S4-P041,100,"[2,5,6]",24,1,[3],"[3,0,0,1,1,1]","[3,0,0,1,1,1,0,0,0,0,0,0,0,0,0,0,0,1,0]"
S4,S4-P042,101,"[0,2,5,6]",24,1,[4],"[4,1,0,3,1,1]","[4,1,0,3,1,1,0,0,1,1,0,0,0,0,0,1,0,1,0]"
S4,S4-P043,102,"[1,2,5,6]",24,1,[4],"[4,1,1,1,1,2]","[4,1,1,1,1,2,0,1,0,0,0,1,0,0,0,0,1,1,0]"
S4,S4-P044,103,"[0,1,2,5,6]",24,1,[5],"[5,3,1,3,1,2]","[5,3,1,3,1,2,1,2,1,1,1,1,0,0,0,1,1,1,0]"
S4,S4-P045,106,"[1,3,5,6]",24,1,[4],"[4,1,1,1,1,2]","[4,1,1,1,1,2,0,0,0,0,1,1,1,0,0,0,1,0,0]"
S4,S4-P046,107,"[0,1,3,5,6]",24,1,[5],"[5,2,2,3,1,2]","[5,2,2,3,1,2,0,3,0,0,2,1,2,0,0,1,1,0,0]"
S4,S4-P047,108,"[2,3,5,6]",24,1,[4],"[4,1,0,2,2,1]","[4,1,0,2,2,1,0,0,0,1,0,1,0,1,0,0,0,1,0]"
S4,S4-P048,109,"[0,2,3,5,6]",24,1,[5],"[5,2,1,4,2,1]","[5,2,1,4,2,1,0,2,1,2,0,1,1,1,0,1,0,1,0]"
S4,S4-P049,110,"[1,2,3,5,6]",24,1,[5],"[5,2,1,3,2,2]","[5,2,1,3,2,2,0,1,1,1,1,2,1,1,0,0,1,1,0]"
S4,S4-P050,111,"[0,1,2,3,5,6]",24,1,[6],"[6,4,2,5,2,2]","[6,4,2,5,2,2,1,5,2,2,2,2,2,1,0,1,1,1,0]"
S4,S4-P051,115,"[0,1,4,5,6]",24,1,[5],"[5,2,1,4,1,2]","[5,2,1,4,1,2,0,1,1,1,2,1,1,0,1,1,1,0,0]"
S4,S4-P052,116,"[2,4,5,6]",24,1,[4],"[4,1,0,2,1,2]","[4,1,0,2,1,2,0,0,0,0,1,1,0,0,0,1,0,1,0]"
S4,S4-P053,117,"[0,2,4,5,6]",24,1,[5],"[5,2,0,5,1,2]","[5,2,0,5,1,2,0,0,2,1,2,1,0,0,1,2,0,1,0]"
S4,S4-P054,118,"[1,2,4,5,6]",24,1,[5],"[5,2,1,2,2,3]","[5,2,1,2,2,3,0,1,0,0,1,4,1,0,0,1,1,1,0]"
S4,S4-P055,119,"[0,1,2,4,5,6]",24,1,[6],"[6,4,1,5,2,3]","[6,4,1,5,2,3,1,2,2,2,3,4,1,0,1,2,1,1,0]"
S4,S4-P056,122,"[1,3,4,5,6]",12,2,[5],"[5,3,1,2,2,2]","[5,3,1,2,2,2,1,0,0,2,2,2,2,0,0,0,1,0,0]"
S4,S4-P057,123,"[0,1,3,4,5,6]",24,1,[6],"[6,4,2,5,2,2]","[6,4,2,5,2,2,1,4,1,3,3,2,3,0,1,1,1,0,0]"
S4,S4-P058,124,"[2,3,4,5,6]",24,1,[5],"[5,3,0,3,2,2]","[5,3,0,3,2,2,1,0,0,2,2,2,0,1,0,1,0,1,0]"
S4,S4-P059,125,"[0,2,3,4,5,6]",24,1,[6],"[6,4,1,6,2,2]","[6,4,1,6,2,2,1,3,2,3,3,2,1,1,1,2,0,1,0]"
S4,S4-P060,126,"[1,2,3,4,5,6]",24,1,[6],"[6,4,1,4,3,3]","[6,4,1,4,3,3,1,1,1,3,3,5,2,1,0,1,1,1,0]"
S4,S4-P061,127,"[0,1,2,3,4,5,6]",24,1,[7],"[7,6,2,7,3,3]","[7,6,2,7,3,3,2,6,3,5,5,5,3,1,1,2,1,1,0]"
S4,S4-P062,219,"[0,1,3,4,6,7]",4,6,[6],"[6,3,3,6,3,0]","[6,3,3,6,3,0,0,6,0,6,0,0,6,0,2,0,0,0,0]"
S4,S4-P063,220,"[2,3,4,6,7]",12,2,[5],"[5,2,1,4,1,2]","[5,2,1,4,1,2,0,2,0,2,2,0,0,1,0,2,1,0,0]"
S4,S4-P064,221,"[0,2,3,4,6,7]",24,1,[6],"[6,3,2,6,2,2]","[6,3,2,6,2,2,0,4,1,3,3,1,3,1,1,2,1,0,0]"
S4,S4-P065,223,"[0,1,2,3,4,6,7]",12,2,[7],"[7,5,3,8,3,2]","[7,5,3,8,3,2,1,8,2,6,4,2,6,1,2,2,1,0,0]"
S4,S4-P066,228,"[2,5,6,7]",12,2,[4],"[4,1,0,2,1,2]","[4,1,0,2,1,2,0,0,0,0,2,0,0,0,0,0,0,2,0]"
S4,S4-P067,229,"[0,2,5,6,7]",24,1,[5],"[5,2,0,4,2,2]","[5,2,0,4,2,2,0,0,1,2,2,1,0,1,0,1,0,2,0]"
S4,S4-P068,230,"[1,2,5,6,7]",24,1,[5],"[5,2,1,3,1,3]","[5,2,1,3,1,3,0,2,0,0,3,1,0,0,0,1,1,2,0]"
S4,S4-P069,231,"[0,1,2,5,6,7]",24,1,[6],"[6,4,1,5,2,3]","[6,4,1,5,2,3,1,3,1,3,4,2,0,1,0,2,1,2,0]"
S4,S4-P070,237,"[0,2,3,5,6,7]",12,2,[6],"[6,3,1,6,3,2]","[6,3,1,6,3,2,0,2,2,4,2,2,2,2,0,2,0,2,0]"
S4,S4-P071,238,"[1,2,3,5,6,7]",24,1,[6],"[6,3,1,6,2,3]","[6,3,1,6,2,3,0,2,2,2,4,2,1,1,1,2,1,2,0]"
S4,S4-P072,239,"[0,1,2,3,5,6,7]",24,1,[7],"[7,5,2,8,3,3]","[7,5,2,8,3,3,1,6,3,5,5,3,3,2,1,3,1,2,0]"
S4,S4-P073,246,"[1,2,4,5,6,7]",12,2,[6],"[6,3,2,4,2,4]","[6,3,2,4,2,4,0,4,0,0,4,4,2,0,0,2,2,2,0]"
S4,S4-P074,247,"[0,1,2,4,5,6,7]",24,1,[7],"[7,5,2,7,3,4]","[7,5,2,7,3,4,1,5,2,4,6,5,3,1,1,3,2,2,0]"
S4,S4-P075,255,"[0,1,2,3,4,5,6,7]",12,2,[8],"[8,7,3,10,4,4]","[8,7,3,10,4,4,2,10,4,8,8,6,6,2,2,4,2,2,0]"
S4,S4-P076,292,"[2,5,8]",4,6,[3],"[3,0,0,0,3,0]","[3,0,0,0,3,0,0,0,0,0,0,0,0,0,0,0,0,0,1]"
S4,S4-P077,293,"[0,2,5,8]",24,1,[4],"[4,1,0,1,3,1]","[4,1,0,1,3,1,0,0,0,1,0,1,0,0,0,0,0,1,1]"
S4,S4-P078,295,"[0,1,2,5,8]",12,2,[5],"[5,3,0,2,3,2]","[5,3,0,2,3,2,1,0,0,2,2,2,0,0,0,0,0,2,1]"
S4,S4-P079,301,"[0,2,3,5,8]",12,2,[5],"[5,2,1,2,3,2]","[5,2,1,2,3,2,0,2,0,2,0,2,0,0,0,0,1,2,1]"
S4,S4-P080,302,"[1,2,3,5,8]",24,1,[5],"[5,2,0,3,3,2]","[5,2,0,3,3,2,0,0,1,2,1,2,0,0,0,1,0,2,1]"
S4,S4-P081,303,"[0,1,2,3,5,8]",24,1,[6],"[6,4,1,4,3,3]","[6,4,1,4,3,3,1,3,1,3,3,3,0,0,0,1,1,3,1]"
S4,S4-P082,310,"[1,2,4,5,8]",12,2,[5],"[5,2,0,2,4,2]","[5,2,0,2,4,2,0,0,0,2,0,4,0,1,0,0,0,2,1]"
S4,S4-P083,311,"[0,1,2,4,5,8]",24,1,[6],"[6,4,0,4,4,3]","[6,4,0,4,4,3,1,0,1,4,3,5,0,1,0,1,0,3,1]"
S4,S4-P084,319,"[0,1,2,3,4,5,8]",12,2,[7],"[7,6,1,6,4,4]","[7,6,1,6,4,4,2,4,2,6,6,6,0,1,0,2,1,4,1]"
S4,S4-P085,365,"[0,2,3,5,6,8]",24,1,[6],"[6,3,1,4,4,3]","[6,3,1,4,4,3,0,2,1,3,1,5,1,1,0,1,1,3,1]"
S4,S4-P086,367,"[0,1,2,3,5,6,8]",12,2,[7],"[7,5,2,6,4,4]","[7,5,2,6,4,4,1,6,2,4,4,6,2,1,0,2,2,4,1]"
S4,S4-P087,373,"[0,2,4,5,6,8]",8,3,[6],"[6,3,0,6,3,3]","[6,3,0,6,3,3,0,0,3,3,3,3,0,0,1,3,0,3,1]"
S4,S4-P088,375,"[0,1,2,4,5,6,8]",24,1,[7],"[7,5,1,7,4,4]","[7,5,1,7,4,4,1,3,3,5,5,6,1,1,1,3,1,4,1]"
S4,S4-P089,382,"[1,2,3,4,5,6,8]",12,2,[7],"[7,5,1,6,5,4]","[7,5,1,6,5,4,1,2,2,6,4,8,2,2,0,2,1,4,1]"
S4,S4-P090,383,"[0,1,2,3,4,5,6,8]",24,1,[8],"[8,7,2,9,5,5]","[8,7,2,9,5,5,2,7,4,8,8,9,3,2,1,4,2,5,1]"
S4,S4-P091,511,"[0,1,2,3,4,5,6,7,8]",4,6,[9],"[9,9,3,12,6,6]","[9,9,3,12,6,6,3,12,6,12,12,12,6,3,2,6,3,6,1]"
S4,S4-P092,585,"[0,3,6,9]",12,2,[4],"[4,0,1,2,3,0]","[4,0,1,2,3,0,0,0,0,0,0,0,2,1,0,0,0,0,1]"
S4,S4-P093,587,"[0,1,3,6,9]",12,2,[5],"[5,1,2,4,3,0]","[5,1,2,4,3,0,0,2,1,0,0,0,4,2,0,0,0,0,1]"
S4,S4-P094,591,"[0,1,2,3,6,9]",4,6,[6],"[6,3,3,6,3,0]","[6,3,3,6,3,0,1,6,3,0,0,0,6,3,0,0,0,0,1]"
S4,S4-P095,593,"[0,4,6,9]",24,1,[4],"[4,0,0,4,1,1]","[4,0,0,4,1,1,0,0,0,0,0,0,0,1,1,1,0,1,0]"
S4,S4-P096,594,"[1,4,6,9]",12,2,[4],"[4,0,1,2,2,1]","[4,0,1,2,2,1,0,0,0,0,0,0,2,0,0,0,0,2,0]"
S4,S4-P097,595,"[0,1,4,6,9]",24,1,[5],"[5,1,1,5,2,1]","[5,1,1,5,2,1,0,1,1,1,0,0,2,1,1,1,0,2,0]"
S4,S4-P098,596,"[2,4,6,9]",24,1,[4],"[4,0,1,2,1,2]","[4,0,1,2,1,2,0,0,0,0,0,0,1,0,0,1,1,1,0]"
S4,S4-P099,597,"[0,2,4,6,9]",24,1,[5],"[5,1,1,5,1,2]","[5,1,1,5,1,2,0,1,1,0,1,0,1,1,1,2,1,1,0]"
S4,S4-P100,598,"[1,2,4,6,9]",24,1,[5],"[5,1,2,3,2,2]","[5,1,2,3,2,2,0,2,0,0,0,1,3,0,0,1,1,2,0]"
S4,S4-P101,599,"[0,1,2,4,6,9]",24,1,[6],"[6,3,2,6,2,2]","[6,3,2,6,2,2,1,4,2,1,1,1,3,1,1,2,1,2,0]"
S4,S4-P102,601,"[0,3,4,6,9]",24,1,[5],"[5,1,1,4,3,1]","[5,1,1,4,3,1,0,1,0,1,0,1,2,1,1,1,0,1,1]"
S4,S4-P103,602,"[1,3,4,6,9]",24,1,[5],"[5,1,1,3,4,1]","[5,1,1,3,4,1,0,0,0,2,0,1,3,1,0,0,0,2,1]"
S4,S4-P104,603,"[0,1,3,4,6,9]",24,1,[6],"[6,2,2,6,4,1]","[6,2,2,6,4,1,0,3,1,3,0,1,5,2,1,1,0,2,1]"
S4,S4-P105,604,"[2,3,4,6,9]",24,1,[5],"[5,1,1,3,3,2]","[5,1,1,3,3,2,0,0,0,1,1,1,2,1,0,1,1,1,1]"
S4,S4-P106,605,"[0,2,3,4,6,9]",24,1,[6],"[6,2,2,6,3,2]","[6,2,2,6,3,2,0,3,1,1,2,1,4,2,1,2,1,1,1]"
S4,S4-P107,606,"[1,2,3,4,6,9]",24,1,[6],"[6,2,2,5,4,2]","[6,2,2,5,4,2,0,2,1,2,1,2,5,2,0,1,1,2,1]"
S4,S4-P108,607,"[0,1,2,3,4,6,9]",24,1,[7],"[7,4,3,8,4,2]","[7,4,3,8,4,2,1,7,3,3,2,2,7,3,1,2,1,2,1]"
S4,S4-P109,625,"[0,4,5,6,9]",12,2,[5],"[5,1,0,6,1,2]","[5,1,0,6,1,2,0,0,1,0,2,0,0,1,2,2,0,2,0]"
S4,S4-P110,626,"[1,4,5,6,9]",24,1,[5],"[5,1,1,3,2,3]","[5,1,1,3,2,3,0,0,0,0,2,1,2,0,0,1,1,3,0]"
S4,S4-P111,627,"[0,1,4,5,6,9]",24,1,[6],"[6,2,1,7,2,3]","[6,2,1,7,2,3,0,1,2,1,3,1,2,1,2,3,1,3,0]"
S4,S4-P112,630,"[1,2,4,5,6,9]",12,2,[6],"[6,2,2,4,3,4]","[6,2,2,4,3,4,0,2,0,0,2,4,4,0,0,2,2,4,0]"
S4,S4-P113,631,"[0,1,2,4,5,6,9]",12,2,[7],"[7,4,2,8,3,4]","[7,4,2,8,3,4,1,4,3,2,4,4,4,1,2,4,2,4,0]"
S4,S4-P114,633,"[0,3,4,5,6,9]",12,2,[6],"[6,3,1,6,3,2]","[6,3,1,6,3,2,1,2,1,2,2,2,2,1,2,2,0,2,1]"
S4,S4-P115,634,"[1,3,4,5,6,9]",24,1,[6],"[6,3,1,4,4,3]","[6,3,1,4,4,3,1,0,0,3,3,3,3,1,0,1,1,3,1]"
S4,S4-P116,635,"[0,1,3,4,5,6,9]",24,1,[7],"[7,4,2,8,4,3]","[7,4,2,8,4,3,1,4,2,4,4,3,5,2,2,3,1,3,1]"
S4,S4-P117,638,"[1,2,3,4,5,6,9]",12,2,[7],"[7,4,2,6,5,4]","[7,4,2,6,5,4,1,2,1,4,4,6,6,2,0,2,2,4,1]"
S4,S4-P118,639,"[0,1,2,3,4,5,6,9]",12,2,[8],"[8,6,3,10,5,4]","[8,6,3,10,5,4,2,8,4,6,6,6,8,3,2,4,2,4,1]"
S4,S4-P119,659,"[0,1,4,7,9]",12,2,[5],"[5,1,1,4,2,2]","[5,1,1,4,2,2,0,0,1,2,0,0,2,0,0,2,1,2,0]"
S4,S4-P120,660,"[2,4,7,9]",3,8,[4],"[4,0,2,0,0,4]","[4,0,2,0,0,4,0,0,0,0,0,0,0,0,0,0,4,0,0]"
S4,S4-P121,661,"[0,2,4,7,9]",24,1,[5],"[5,1,2,2,1,4]","[5,1,2,2,1,4,0,1,0,0,1,1,1,0,0,1,4,1,0]"
S4,S4-P122,663,"[0,1,2,4,7,9]",12,2,[6],"[6,3,2,4,2,4]","[6,3,2,4,2,4,1,2,1,2,2,2,2,0,0,2,4,2,0]"
S4,S4-P123,666,"[1,3,4,7,9]",24,1,[5],"[5,1,1,4,2,2]","[5,1,1,4,2,2,0,1,0,1,0,1,1,1,1,1,1,2,0]"
S4,S4-P124,667,"[0,1,3,4,7,9]",24,1,[6],"[6,2,2,6,3,2]","[6,2,2,6,3,2,0,3,1,3,0,1,4,1,1,2,1,3,0]"
S4,S4-P125,669,"[0,2,3,4,7,9]",12,2,[6],"[6,2,3,4,2,4]","[6,2,3,4,2,4,0,4,0,0,2,2,4,0,0,2,4,2,0]"
S4,S4-P126,670,"[1,2,3,4,7,9]",24,1,[6],"[6,2,2,5,2,4]","[6,2,2,5,2,4,0,2,1,1,2,2,2,1,1,2,4,2,0]"
S4,S4-P127,671,"[0,1,2,3,4,7,9]",24,1,[7],"[7,4,3,7,3,4]","[7,4,3,7,3,4,1,6,2,3,3,3,5,1,1,3,4,3,0]"
S4,S4-P128,674,"[1,5,7,9]",6,4,[4],"[4,0,0,4,0,2]","[4,0,0,4,0,2,0,0,0,0,0,0,0,0,0,4,0,0,0]"
S4,S4-P129,675,"[0,1,5,7,9]",24,1,[5],"[5,1,0,6,1,2]","[5,1,0,6,1,2,0,0,1,1,1,0,0,1,1,4,0,1,0]"
S4,S4-P130,678,"[1,2,5,7,9]",24,1,[5],"[5,1,1,4,1,3]","[5,1,1,4,1,3,0,1,0,0,1,1,1,0,0,4,1,1,0]"
S4,S4-P131,679,"[0,1,2,5,7,9]",24,1,[6],"[6,3,1,6,2,3]","[6,3,1,6,2,3,1,2,1,2,2,2,1,1,1,4,1,2,0]"
S4,S4-P132,683,"[0,1,3,5,7,9]",12,2,[6],"[6,2,1,8,2,2]","[6,2,1,8,2,2,0,2,2,2,2,0,2,2,2,4,0,2,0]"
S4,S4-P133,686,"[1,2,3,5,7,9]",24,1,[6],"[6,2,1,7,2,3]","[6,2,1,7,2,3,0,1,2,2,2,1,2,1,1,5,1,2,0]"
S4,S4-P134,687,"[0,1,2,3,5,7,9]",24,1,[7],"[7,4,2,9,3,3]","[7,4,2,9,3,3,1,5,3,4,3,2,4,2,2,5,1,3,0]"
S4,S4-P135,694,"[1,2,4,5,7,9]",12,2,[6],"[6,2,2,4,2,5]","[6,2,2,4,2,5,0,2,0,0,2,4,2,0,0,4,4,2,0]"
S4,S4-P136,695,"[0,1,2,4,5,7,9]",24,1,[7],"[7,4,2,7,3,5]","[7,4,2,7,3,5,1,3,2,3,4,5,3,1,1,5,4,3,0]"
S4,S4-P137,703,"[0,1,2,3,4,5,7,9]",12,2,[8],"[8,6,3,10,4,5]","[8,6,3,10,4,5,2,8,4,6,6,6,6,2,2,6,4,4,0]"
S4,S4-P138,729,"[0,3,4,6,7,9]",24,1,[6],"[6,2,2,5,4,2]","[6,2,2,5,4,2,0,3,0,3,0,2,4,1,1,1,1,3,1]"
S4,S4-P139,731,"[0,1,3,4,6,7,9]",12,2,[7],"[7,3,3,8,5,2]","[7,3,3,8,5,2,0,6,1,6,0,2,8,2,2,2,1,4,1]"
S4,S4-P140,732,"[2,3,4,6,7,9]",12,2,[6],"[6,2,2,4,3,4]","[6,2,2,4,3,4,0,2,0,2,2,2,2,1,0,2,4,2,1]"
S4,S4-P141,733,"[0,2,3,4,6,7,9]",24,1,[7],"[7,3,3,7,4,4]","[7,3,3,7,4,4,0,5,1,3,3,3,6,2,1,3,4,3,1]"
S4,S4-P142,735,"[0,1,2,3,4,6,7,9]",12,2,[8],"[8,5,4,10,5,4]","[8,5,4,10,5,4,1,10,3,6,4,4,10,3,2,4,4,4,1]"
S4,S4-P143,737,"[0,5,6,7,9]",24,1,[5],"[5,1,0,5,2,2]","[5,1,0,5,2,2,0,0,0,1,1,1,0,2,1,2,0,2,0]"
S4,S4-P144,739,"[0,1,5,6,7,9]",24,1,[6],"[6,2,1,7,2,3]","[6,2,1,7,2,3,0,2,1,2,2,1,1,2,1,5,1,2,0]"
S4,S4-P145,741,"[0,2,5,6,7,9]",24,1,[6],"[6,2,1,6,3,3]","[6,2,1,6,3,3,0,1,1,2,2,2,2,2,1,2,1,4,0]"
S4,S4-P146,742,"[1,2,5,6,7,9]",24,1,[6],"[6,2,2,5,2,4]","[6,2,2,5,2,4,0,3,0,0,3,2,3,0,0,4,2,3,0]"
S4,S4-P147,743,"[0,1,2,5,6,7,9]",24,1,[7],"[7,4,2,8,3,4]","[7,4,2,8,3,4,1,5,2,3,4,3,3,2,1,5,2,4,0]"
S4,S4-P148,745,"[0,3,5,6,7,9]",24,1,[6],"[6,2,1,6,4,2]","[6,2,1,6,4,2,0,1,1,3,1,2,3,2,1,2,0,3,1]"
S4,S4-P149,746,"[1,3,5,6,7,9]",24,1,[6],"[6,2,1,6,3,3]","[6,2,1,6,3,3,0,1,1,2,2,2,2,1,1,4,1,2,1]"
S4,S4-P150,747,"[0,1,3,5,6,7,9]",24,1,[7],"[7,3,2,9,4,3]","[7,3,2,9,4,3,0,4,2,4,3,2,5,3,2,5,1,3,1]"
S4,S4-P151,748,"[2,3,5,6,7,9]",24,1,[6],"[6,2,1,5,4,3]","[6,2,1,5,4,3,0,0,1,3,2,2,3,1,0,2,1,4,1]"
S4,S4-P152,749,"[0,2,3,5,6,7,9]",24,1,[7],"[7,3,2,8,5,3]","[7,3,2,8,5,3,0,3,2,5,2,3,6,3,1,3,1,5,1]"
S4,S4-P153,750,"[1,2,3,5,6,7,9]",24,1,[7],"[7,3,2,8,4,4]","[7,3,2,8,4,4,0,3,2,3,4,3,5,2,1,5,2,4,1]"
S4,S4-P154,751,"[0,1,2,3,5,6,7,9]",24,1,[8],"[8,5,3,11,5,4]","[8,5,3,11,5,4,1,8,4,6,5,4,8,4,2,6,2,5,1]"
S4,S4-P155,753,"[0,4,5,6,7,9]",24,1,[6],"[6,2,1,7,2,3]","[6,2,1,7,2,3,0,2,1,1,3,1,1,2,2,3,1,3,0]"
S4,S4-P156,755,"[0,1,4,5,6,7,9]",24,1,[7],"[7,3,2,9,3,4]","[7,3,2,9,3,4,0,4,2,3,4,2,4,2,2,6,2,4,0]"
S4,S4-P157,756,"[2,4,5,6,7,9]",12,2,[6],"[6,2,2,4,2,5]","[6,2,2,4,2,5,0,2,0,0,4,2,2,0,0,2,4,4,0]"
S4,S4-P158,757,"[0,2,4,5,6,7,9]",24,1,[7],"[7,3,2,8,3,5]","[7,3,2,8,3,5,0,3,2,2,5,3,3,2,2,4,4,5,0]"
S4,S4-P159,758,"[1,2,4,5,6,7,9]",24,1,[7],"[7,3,3,6,3,6]","[7,3,3,6,3,6,0,5,0,0,5,5,5,0,0,5,5,5,0]"
S4,S4-P160,759,"[0,1,2,4,5,6,7,9]",24,1,[8],"[8,5,3,10,4,6]","[8,5,3,10,4,6,1,7,3,4,7,6,6,2,2,7,5,6,0]"
S4,S4-P161,761,"[0,3,4,5,6,7,9]",24,1,[7],"[7,4,2,8,4,3]","[7,4,2,8,4,3,1,5,2,4,3,3,4,2,2,3,1,4,1]"
S4,S4-P162,762,"[1,3,4,5,6,7,9]",24,1,[7],"[7,4,2,7,4,4]","[7,4,2,7,4,4,1,4,1,4,4,4,4,1,1,4,2,4,1]"
S4,S4-P163,763,"[0,1,3,4,5,6,7,9]",24,1,[8],"[8,5,3,11,5,4]","[8,5,3,11,5,4,1,8,3,7,5,4,8,3,3,6,2,5,1]"
S4,S4-P164,764,"[2,3,4,5,6,7,9]",24,1,[7],"[7,4,2,6,4,5]","[7,4,2,6,4,5,1,3,1,4,5,4,3,1,0,3,4,5,1]"
S4,S4-P165,765,"[0,2,3,4,5,6,7,9]",24,1,[8],"[8,5,3,10,5,5]","[8,5,3,10,5,5,1,7,3,6,6,5,7,3,2,5,4,6,1]"
S4,S4-P166,766,"[1,2,3,4,5,6,7,9]",24,1,[8],"[8,5,3,9,5,6]","[8,5,3,9,5,6,1,6,2,5,7,7,7,2,1,6,5,6,1]"
S4,S4-P167,767,"[0,1,2,3,4,5,6,7,9]",24,1,[9],"[9,7,4,13,6,6]","[9,7,4,13,6,6,2,12,5,9,9,8,11,4,3,8,5,7,1]"
S4,S4-P168,819,"[0,1,4,5,8,9]",24,1,[6],"[6,2,0,8,2,3]","[6,2,0,8,2,3,0,0,2,2,3,1,0,2,2,5,0,3,0]"
S4,S4-P169,822,"[1,2,4,5,8,9]",24,1,[6],"[6,2,1,5,4,3]","[6,2,1,5,4,3,0,1,0,2,1,4,2,2,1,2,1,3,1]"
S4,S4-P170,823,"[0,1,2,4,5,8,9]",24,1,[7],"[7,4,1,8,4,4]","[7,4,1,8,4,4,1,2,2,4,4,5,2,2,2,5,1,4,1]"
S4,S4-P171,826,"[1,3,4,5,8,9]",8,3,[6],"[6,3,0,6,3,3]","[6,3,0,6,3,3,1,0,0,3,3,3,0,3,1,3,0,3,0]"
S4,S4-P172,827,"[0,1,3,4,5,8,9]",24,1,[7],"[7,4,1,9,3,4]","[7,4,1,9,3,4,1,3,2,4,5,3,1,3,2,6,1,4,0]"
S4,S4-P173,830,"[1,2,3,4,5,8,9]",24,1,[7],"[7,4,1,7,5,4]","[7,4,1,7,5,4,1,1,1,5,4,6,3,3,1,3,1,5,1]"
S4,S4-P174,831,"[0,1,2,3,4,5,8,9]",24,1,[8],"[8,6,2,10,5,5]","[8,6,2,10,5,5,2,6,3,7,7,7,4,3,2,6,2,6,1]"
S4,S4-P175,875,"[0,1,3,5,6,8,9]",12,2,[7],"[7,3,2,8,4,4]","[7,3,2,8,4,4,0,4,1,2,4,4,4,3,2,4,2,4,1]"
S4,S4-P176,876,"[2,3,5,6,8,9]",6,4,[6],"[6,2,1,4,6,2]","[6,2,1,4,6,2,0,0,0,4,0,4,4,2,0,0,0,4,2]"
S4,S4-P177,877,"[0,2,3,5,6,8,9]",24,1,[7],"[7,3,2,7,6,3]","[7,3,2,7,6,3,0,3,1,5,1,5,6,3,1,2,1,5,2]"
S4,S4-P178,879,"[0,1,2,3,5,6,8,9]",12,2,[8],"[8,5,3,10,6,4]","[8,5,3,10,6,4,1,8,3,6,4,6,8,4,2,4,2,6,2]"
S4,S4-P179,883,"[0,1,4,5,6,8,9]",24,1,[7],"[7,3,1,10,3,4]","[7,3,1,10,3,4,0,2,3,3,5,2,2,3,3,6,1,5,0]"
S4,S4-P180,885,"[0,2,4,5,6,8,9]",24,1,[7],"[7,3,1,9,4,4]","[7,3,1,9,4,4,0,1,3,4,4,3,3,2,2,6,1,5,1]"
S4,S4-P181,886,"[1,2,4,5,6,8,9]",24,1,[7],"[7,3,2,7,5,4]","[7,3,2,7,5,4,0,3,1,4,2,5,5,2,1,3,2,6,1]"
S4,S4-P182,887,"[0,1,2,4,5,6,8,9]",24,1,[8],"[8,5,2,11,5,5]","[8,5,2,11,5,5,1,5,4,6,6,6,5,3,3,7,2,7,1]"
S4,S4-P183,891,"[0,1,3,4,5,6,8,9]",24,1,[8],"[8,5,2,11,5,5]","[8,5,2,11,5,5,1,5,3,6,7,6,5,4,3,7,2,6,1]"
S4,S4-P184,892,"[2,3,4,5,6,8,9]",12,2,[7],"[7,4,1,6,6,4]","[7,4,1,6,6,4,1,0,1,6,4,6,4,2,0,2,1,6,2]"
S4,S4-P185,893,"[0,2,3,4,5,6,8,9]",24,1,[8],"[8,5,2,10,6,5]","[8,5,2,10,6,5,1,4,3,7,6,7,6,3,2,6,2,7,2]"
S4,S4-P186,894,"[1,2,3,4,5,6,8,9]",24,1,[8],"[8,5,2,9,7,5]","[8,5,2,9,7,5,1,3,2,8,5,9,7,4,1,4,2,8,2]"
S4,S4-P187,895,"[0,1,2,3,4,5,6,8,9]",24,1,[9],"[9,7,3,13,7,6]","[9,7,3,13,7,6,2,9,5,10,9,10,9,5,3,8,3,9,2]"
S4,S4-P188,947,"[0,1,4,5,7,8,9]",12,2,[7],"[7,3,1,10,3,4]","[7,3,1,10,3,4,0,2,3,4,4,2,2,3,2,8,1,4,0]"
S4,S4-P189,949,"[0,2,4,5,7,8,9]",24,1,[7],"[7,3,2,7,4,5]","[7,3,2,7,4,5,0,3,1,3,3,5,3,2,1,5,4,4,1]"
S4,S4-P190,951,"[0,1,2,4,5,7,8,9]",12,2,[8],"[8,5,2,10,5,6]","[8,5,2,10,5,6,1,4,3,6,6,8,4,3,2,8,4,6,1]"
S4,S4-P191,955,"[0,1,3,4,5,7,8,9]",24,1,[8],"[8,5,2,12,4,5]","[8,5,2,12,4,5,1,6,4,6,7,4,4,4,3,9,2,6,0]"
S4,S4-P192,957,"[0,2,3,4,5,7,8,9]",24,1,[8],"[8,5,3,9,5,6]","[8,5,3,9,5,6,1,7,2,5,6,7,6,2,1,6,5,7,1]"
S4,S4-P193,958,"[1,2,3,4,5,7,8,9]",24,1,[8],"[8,5,2,10,5,6]","[8,5,2,10,5,6,1,4,3,6,7,7,4,3,2,7,4,7,1]"
S4,S4-P194,959,"[0,1,2,3,4,5,7,8,9]",24,1,[9],"[9,7,3,13,6,7]","[9,7,3,13,6,7,2,9,5,9,10,10,7,4,3,10,5,9,1]"
S4,S4-P195,1019,"[0,1,3,4,5,6,7,8,9]",12,2,[9],"[9,7,3,14,6,6]","[9,7,3,14,6,6,2,10,5,10,10,8,8,5,4,10,3,8,1]"
S4,S4-P196,1020,"[2,3,4,5,6,7,8,9]",6,4,[8],"[8,6,2,8,6,6]","[8,6,2,8,6,6,2,4,2,8,8,8,4,2,0,4,4,8,2]"
S4,S4-P197,1021,"[0,2,3,4,5,6,7,8,9]",24,1,[9],"[9,7,3,12,7,7]","[9,7,3,12,7,7,2,8,4,10,10,11,8,4,2,8,5,10,2]"
S4,S4-P198,1023,"[0,1,2,3,4,5,6,7,8,9]",12,2,[10],"[10,9,4,16,8,8]","[10,9,4,16,8,8,3,14,7,14,14,14,12,6,4,12,6,12,2]"
S4,S4-P199,1755,"[0,1,3,4,6,7,9,10]",12,2,[8],"[8,4,3,10,7,4]","[8,4,3,10,7,4,0,6,2,8,2,6,10,4,2,4,2,8,2]"
S4,S4-P200,1757,"[0,2,3,4,6,7,9,10]",12,2,[8],"[8,4,3,10,6,5]","[8,4,3,10,6,5,0,6,2,6,4,6,8,4,2,6,4,6,2]"
S4,S4-P201,1758,"[1,2,3,4,6,7,9,10]",24,1,[8],"[8,4,3,10,5,6]","[8,4,3,10,5,6,0,6,2,4,6,6,7,3,2,7,5,7,1]"
S4,S4-P202,1759,"[0,1,2,3,4,6,7,9,10]",24,1,[9],"[9,6,4,13,7,6]","[9,6,4,13,7,6,1,11,4,9,7,8,12,5,3,8,5,9,2]"
S4,S4-P203,1782,"[1,2,4,5,6,7,9,10]",3,8,[8],"[8,4,4,8,4,8]","[8,4,4,8,4,8,0,8,0,0,8,8,8,0,0,8,8,8,0]"
S4,S4-P204,1783,"[0,1,2,4,5,6,7,9,10]",12,2,[9],"[9,6,4,12,6,8]","[9,6,4,12,6,8,1,10,3,6,10,10,10,3,2,10,8,10,1]"
S4,S4-P205,1791,"[0,1,2,3,4,5,6,7,9,10]",6,4,[10],"[10,8,5,16,8,8]","[10,8,5,16,8,8,2,16,6,12,12,12,16,6,4,12,8,12,2]"
S4,S4-P206,1883,"[0,1,3,4,6,8,9,10]",24,1,[8],"[8,4,2,12,5,5]","[8,4,2,12,5,5,0,4,4,6,6,4,6,4,3,9,2,7,1]"
S4,S4-P207,1887,"[0,1,2,3,4,6,8,9,10]",8,3,[9],"[9,6,3,15,6,6]","[9,6,3,15,6,6,1,9,6,9,9,6,9,6,4,12,3,9,1]"
S4,S4-P208,1907,"[0,1,4,5,6,8,9,10]",6,4,[8],"[8,4,2,12,4,6]","[8,4,2,12,4,6,0,4,4,4,8,4,4,4,4,8,4,8,0]"
S4,S4-P209,1911,"[0,1,2,4,5,6,8,9,10]",24,1,[9],"[9,6,3,14,6,7]","[9,6,3,14,6,7,1,8,5,8,10,8,8,5,4,11,5,10,1]"
S4,S4-P210,1917,"[0,2,3,4,5,6,8,9,10]",12,2,[9],"[9,6,3,14,7,6]","[9,6,3,14,7,6,1,8,5,10,8,8,10,5,4,10,3,10,2]"
S4,S4-P211,1918,"[1,2,3,4,5,6,8,9,10]",24,1,[9],"[9,6,3,13,7,7]","[9,6,3,13,7,7,1,7,4,9,9,10,9,5,3,10,5,10,2]"
S4,S4-P212,1919,"[0,1,2,3,4,5,6,8,9,10]",24,1,[10],"[10,8,4,17,8,8]","[10,8,4,17,8,8,2,13,7,13,13,12,13,7,5,14,6,13,2]"
S4,S4-P213,2029,"[0,2,3,5,6,7,8,9,10]",4,6,[9],"[9,6,3,12,9,6]","[9,6,3,12,9,6,1,6,3,12,6,12,12,6,2,6,3,12,3]"
S4,S4-P214,2031,"[0,1,2,3,5,6,7,8,9,10]",12,2,[10],"[10,8,4,16,9,8]","[10,8,4,16,9,8,2,12,6,14,12,14,14,7,4,12,6,14,3]"
S4,S4-P215,2039,"[0,1,2,4,5,6,7,8,9,10]",12,2,[10],"[10,8,4,16,8,9]","[10,8,4,16,8,9,2,12,6,12,14,14,12,6,4,14,8,14,2]"
S4,S4-P216,2047,"[0,1,2,3,4,5,6,7,8,9,10]",12,2,[11],"[11,10,5,20,10,10]","[11,10,5,20,10,10,3,18,9,18,18,18,18,9,6,18,9,18,3]"
S4,S4-P217,4095,"[0,1,2,3,4,5,6,7,8,9,10,11]",1,24,[12],"[12,12,6,24,12,12]","[12,12,6,24,12,12,4,24,12,24,24,24,24,12,8,24,12,24,4]"
A4,A4-P000,0,[],1,12,[0],"[0,0,0,0,0,0,0,0]","[0,0,0,0,0,0,0,0,0,0,0,0,0,0,0,0,0,0,0,0,0,0,0,0,0,0,0,0,0]"
A4,A4-P001,1,[0],12,1,[1],"[1,0,0,0,0,0,0,0]","[1,0,0,0,0,0,0,0,0,0,0,0,0,0,0,0,0,0,0,0,0,0,0,0,0,0,0,0,0]"
A4,A4-P002,3,"[0,1]",12,1,[2],"[2,1,0,0,0,0,0,0]","[2,1,0,0,0,0,0,0,0,0,0,0,0,0,0,0,0,0,0,0,0,0,0,0,0,0,0,0,0]"
A4,A4-P003,7,"[0,1,2]",4,3,[3],"[3,3,0,0,0,0,0,0]","[3,3,0,0,0,0,0,0,1,0,0,0,0,0,0,0,0,0,0,0,0,0,0,0,0,0,0,0,0]"
A4,A4-P004,9,"[0,3]",6,2,[2],"[2,0,1,0,0,0,0,0]","[2,0,1,0,0,0,0,0,0,0,0,0,0,0,0,0,0,0,0,0,0,0,0,0,0,0,0,0,0]"
A4,A4-P005,10,"[1,3]",12,1,[2],"[2,0,0,1,0,0,0,0]","[2,0,0,1,0,0,0,0,0,0,0,0,0,0,0,0,0,0,0,0,0,0,0,0,0,0,0,0,0]"
A4,A4-P006,11,"[0,1,3]",12,1,[3],"[3,1,1,1,0,0,0,0]","[3,1,1,1,0,0,0,0,0,1,0,0,0,0,0,0,0,0,0,0,0,0,0,0,0,0,0,0,0]"
A4,A4-P007,12,"[2,3]",12,1,[2],"[2,0,0,0,1,0,0,0]","[2,0,0,0,1,0,0,0,0,0,0,0,0,0,0,0,0,0,0,0,0,0,0,0,0,0,0,0,0]"
A4,A4-P008,13,"[0,2,3]",12,1,[3],"[3,1,1,0,1,0,0,0]","[3,1,1,0,1,0,0,0,0,0,1,0,0,0,0,0,0,0,0,0,0,0,0,0,0,0,0,0,0]"
A4,A4-P009,14,"[1,2,3]",12,1,[3],"[3,1,0,1,1,0,0,0]","[3,1,0,1,1,0,0,0,0,0,0,1,0,0,0,0,0,0,0,0,0,0,0,0,0,0,0,0,0]"
A4,A4-P010,15,"[0,1,2,3]",12,1,[4],"[4,3,1,1,1,0,0,0]","[4,3,1,1,1,0,0,0,1,1,1,1,0,0,0,0,0,0,0,0,0,0,0,0,0,0,0,0,0]"
A4,A4-P011,18,"[1,4]",12,1,[2],"[2,0,0,0,0,1,0,0]","[2,0,0,0,0,1,0,0,0,0,0,0,0,0,0,0,0,0,0,0,0,0,0,0,0,0,0,0,0]"
A4,A4-P012,19,"[0,1,4]",12,1,[3],"[3,1,0,0,1,1,0,0]","[3,1,0,0,1,1,0,0,0,0,0,0,1,0,0,0,0,0,0,0,0,0,0,0,0,0,0,0,0]"
A4,A4-P013,20,"[2,4]",6,2,[2],"[2,0,0,0,0,0,1,0]","[2,0,0,0,0,0,1,0,0,0,0,0,0,0,0,0,0,0,0,0,0,0,0,0,0,0,0,0,0]"
A4,A4-P014,21,"[0,2,4]",12,1,[3],"[3,1,0,0,1,0,1,0]","[3,1,0,0,1,0,1,0,0,0,0,0,0,1,0,0,0,0,0,0,0,0,0,0,0,0,0,0,0]"
A4,A4-P015,22,"[1,2,4]",12,1,[3],"[3,1,0,0,0,1,1,0]","[3,1,0,0,0,1,1,0,0,0,0,0,0,0,1,0,0,0,0,0,0,0,0,0,0,0,0,0,0]"
A4,A4-P016,23,"[0,1,2,4]",12,1,[4],"[4,3,0,0,1,1,1,0]","[4,3,0,0,1,1,1,0,1,0,0,0,1,1,1,0,0,0,0,0,0,0,0,0,0,0,0,0,0]"
A4,A4-P017,26,"[1,3,4]",12,1,[3],"[3,1,0,1,0,1,0,0]","[3,1,0,1,0,1,0,0,0,0,0,0,0,0,0,1,0,0,0,0,0,0,0,0,0,0,0,0,0]"
A4,A4-P018,27,"[0,1,3,4]",12,1,[4],"[4,2,1,1,1,1,0,0]","[4,2,1,1,1,1,0,0,0,1,1,0,1,0,0,1,0,0,0,0,0,0,0,0,0,0,0,0,0]"
A4,A4-P019,29,"[0,2,3,4]",6,2,[4],"[4,2,1,0,2,0,1,0]","[4,2,1,0,2,0,1,0,0,0,2,0,0,2,0,0,0,0,0,0,0,0,0,0,0,0,0,0,0]"
A4,A4-P020,30,"[1,2,3,4]",12,1,[4],"[4,2,0,1,1,1,1,0]","[4,2,0,1,1,1,1,0,0,0,0,1,0,1,1,1,0,0,0,0,0,0,0,0,0,0,0,0,0]"
A4,A4-P021,31,"[0,1,2,3,4]",12,1,[5],"[5,4,1,1,2,1,1,0]","[5,4,1,1,2,1,1,0,1,1,2,1,1,2,1,1,0,0,0,0,0,0,0,0,0,0,0,0,0]"
A4,A4-P022,34,"[1,5]",6,2,[2],"[2,0,0,0,0,0,0,1]","[2,0,0,0,0,0,0,1,0,0,0,0,0,0,0,0,0,0,0,0,0,0,0,0,0,0,0,0,0]"
A4,A4-P023,35,"[0,1,5]",12,1,[3],"[3,1,0,1,0,0,0,1]","[3,1,0,1,0,0,0,1,0,0,0,0,0,0,0,0,1,0,0,0,0,0,0,0,0,0,0,0,0]"
A4,A4-P024,38,"[1,2,5]",12,1,[3],"[3,1,0,0,0,1,0,1]","[3,1,0,0,0,1,0,1,0,0,0,0,0,0,0,0,0,1,0,0,0,0,0,0,0,0,0,0,0]"
A4,A4-P025,39,"[0,1,2,5]",12,1,[4],"[4,3,0,1,0,1,0,1]","[4,3,0,1,0,1,0,1,1,0,0,0,0,0,0,1,1,1,0,0,0,0,0,0,0,0,0,0,0]"
A4,A4-P026,43,"[0,1,3,5]",6,2,[4],"[4,2,1,2,0,0,0,1]","[4,2,1,2,0,0,0,1,0,2,0,0,0,0,0,0,2,0,0,0,0,0,0,0,0,0,0,0,0]"
A4,A4-P027,46,"[1,2,3,5]",12,1,[4],"[4,2,0,1,1,1,0,1]","[4,2,0,1,1,1,0,1,0,0,0,1,1,0,0,0,1,1,0,0,0,0,0,0,0,0,0,0,0]"
A4,A4-P028,47,"[0,1,2,3,5]",12,1,[5],"[5,4,1,2,1,1,0,1]","[5,4,1,2,1,1,0,1,1,2,1,1,1,0,0,1,2,1,0,0,0,0,0,0,0,0,0,0,0]"
A4,A4-P029,54,"[1,2,4,5]",6,2,[4],"[4,2,0,0,0,2,1,1]","[4,2,0,0,0,2,1,1,0,0,0,0,0,0,2,0,0,2,0,0,0,0,0,0,0,0,0,0,0]"
A4,A4-P030,55,"[0,1,2,4,5]",12,1,[5],"[5,4,0,1,1,2,1,1]","[5,4,0,1,1,2,1,1,1,0,0,1,1,1,2,1,1,2,0,0,0,0,0,0,0,0,0,0,0]"
A4,A4-P031,63,"[0,1,2,3,4,5]",6,2,[6],"[6,6,1,2,2,2,1,1]","[6,6,1,2,2,2,1,1,2,2,2,2,2,2,2,2,2,2,0,0,0,0,0,0,0,0,0,0,0]"
A4,A4-P032,73,"[0,3,6]",12,1,[3],"[3,0,1,0,1,1,0,0]","[3,0,1,0,1,1,0,0,0,0,0,0,0,0,0,0,0,0,1,0,0,0,0,0,0,0,0,0,0]"
A4,A4-P033,74,"[1,3,6]",12,1,[3],"[3,0,1,1,0,1,0,0]","[3,0,1,1,0,1,0,0,0,0,0,0,0,0,0,0,0,0,0,1,0,0,0,0,0,0,0,0,0]"
A4,A4-P034,75,"[0,1,3,6]",12,1,[4],"[4,1,2,1,1,1,0,0]","[4,1,2,1,1,1,0,0,0,1,1,0,0,0,0,0,0,0,1,1,0,0,0,0,0,0,0,0,0]"
A4,A4-P035,76,"[2,3,6]",12,1,[3],"[3,0,0,1,1,1,0,0]","[3,0,0,1,1,1,0,0,0,0,0,0,0,0,0,0,0,0,0,0,1,0,0,0,0,0,0,0,0]"
A4,A4-P036,77,"[0,2,3,6]",12,1,[4],"[4,1,1,1,2,1,0,0]","[4,1,1,1,2,1,0,0,0,0,1,1,0,0,0,0,0,0,1,0,1,0,0,0,0,0,0,0,0]"
A4,A4-P037,78,"[1,2,3,6]",12,1,[4],"[4,1,1,2,1,1,0,0]","[4,1,1,2,1,1,0,0,0,1,0,1,0,0,0,0,0,0,0,1,1,0,0,0,0,0,0,0,0]"
A4,A4-P038,79,"[0,1,2,3,6]",12,1,[5],"[5,3,2,2,2,1,0,0]","[5,3,2,2,2,1,0,0,1,2,2,2,0,0,0,0,0,0,1,1,1,0,0,0,0,0,0,0,0]"
A4,A4-P039,81,"[0,4,6]",4,3,[3],"[3,0,0,0,3,0,0,0]","[3,0,0,0,3,0,0,0,0,0,0,0,0,0,0,0,0,0,0,0,0,1,0,0,0,0,0,0,0]"
A4,A4-P040,83,"[0,1,4,6]",12,1,[4],"[4,1,1,0,3,1,0,0]","[4,1,1,0,3,1,0,0,0,0,1,0,1,0,0,0,0,0,1,0,0,1,0,0,0,0,0,0,0]"
A4,A4-P041,84,"[2,4,6]",12,1,[3],"[3,0,0,1,1,0,1,0]","[3,0,0,1,1,0,1,0,0,0,0,0,0,0,0,0,0,0,0,0,0,0,1,0,0,0,0,0,0]"
A4,A4-P042,85,"[0,2,4,6]",12,1,[4],"[4,1,0,1,3,0,1,0]","[4,1,0,1,3,0,1,0,0,0,0,1,0,1,0,0,0,0,0,0,0,1,1,0,0,0,0,0,0]"
A4,A4-P043,86,"[1,2,4,6]",12,1,[4],"[4,1,1,1,1,1,1,0]","[4,1,1,1,1,1,1,0,0,1,0,0,0,0,1,0,0,0,1,0,0,0,1,0,0,0,0,0,0]"
A4,A4-P044,87,"[0,1,2,4,6]",12,1,[5],"[5,3,1,1,3,1,1,0]","[5,3,1,1,3,1,1,0,1,1,1,1,1,1,1,0,0,0,1,0,0,1,1,0,0,0,0,0,0]"
A4,A4-P045,90,"[1,3,4,6]",12,1,[4],"[4,1,1,1,1,2,0,0]","[4,1,1,1,1,2,0,0,0,0,0,0,1,0,0,1,0,0,1,1,0,0,0,0,0,0,0,0,0]"
A4,A4-P046,91,"[0,1,3,4,6]",12,1,[5],"[5,2,2,1,3,2,0,0]","[5,2,2,1,3,2,0,0,0,1,2,0,2,0,0,1,0,0,2,1,0,1,0,0,0,0,0,0,0]"
A4,A4-P047,92,"[2,3,4,6]",12,1,[4],"[4,1,0,1,2,1,1,0]","[4,1,0,1,2,1,1,0,0,0,0,0,1,1,0,0,0,0,0,0,1,0,1,0,0,0,0,0,0]"
A4,A4-P048,93,"[0,2,3,4,6]",12,1,[5],"[5,2,1,1,4,1,1,0]","[5,2,1,1,4,1,1,0,0,0,2,1,1,2,0,0,0,0,1,0,1,1,1,0,0,0,0,0,0]"
A4,A4-P049,94,"[1,2,3,4,6]",12,1,[5],"[5,2,1,2,2,2,1,0]","[5,2,1,2,2,2,1,0,0,1,0,1,1,1,1,1,0,0,1,1,1,0,1,0,0,0,0,0,0]"
A4,A4-P050,95,"[0,1,2,3,4,6]",12,1,[6],"[6,4,2,2,4,2,1,0]","[6,4,2,2,4,2,1,0,1,2,3,2,2,2,1,1,0,0,2,1,1,1,1,0,0,0,0,0,0]"
A4,A4-P051,98,"[1,5,6]",12,1,[3],"[3,0,1,0,0,0,1,1]","[3,0,1,0,0,0,1,1,0,0,0,0,0,0,0,0,0,0,0,0,0,0,0,1,0,0,0,0,0]"
A4,A4-P052,99,"[0,1,5,6]",12,1,[4],"[4,1,1,1,1,0,1,1]","[4,1,1,1,1,0,1,1,0,0,1,0,0,0,0,0,1,0,0,0,0,0,1,1,0,0,0,0,0]"
A4,A4-P053,100,"[2,5,6]",12,1,[3],"[3,0,0,1,0,1,1,0]","[3,0,0,1,0,1,1,0,0,0,0,0,0,0,0,0,0,0,0,0,0,0,0,0,1,0,0,0,0]"
A4,A4-P054,101,"[0,2,5,6]",12,1,[4],"[4,1,0,2,1,1,1,0]","[4,1,0,2,1,1,1,0,0,0,0,1,0,0,0,1,0,0,0,0,0,0,1,0,1,0,0,0,0]"
A4,A4-P055,102,"[1,2,5,6]",12,1,[4],"[4,1,1,1,0,1,1,1]","[4,1,1,1,0,1,1,1,0,1,0,0,0,0,0,0,0,1,0,0,0,0,0,1,1,0,0,0,0]"
A4,A4-P056,103,"[0,1,2,5,6]",12,1,[5],"[5,3,1,2,1,1,1,1]","[5,3,1,2,1,1,1,1,1,1,1,1,0,0,0,1,1,1,0,0,0,0,1,1,1,0,0,0,0]"
A4,A4-P057,106,"[1,3,5,6]",12,1,[4],"[4,1,1,1,0,1,1,1]","[4,1,1,1,0,1,1,1,0,0,0,0,0,0,1,0,1,0,0,1,0,0,0,1,0,0,0,0,0]"
A4,A4-P058,107,"[0,1,3,5,6]",12,1,[5],"[5,2,2,2,1,1,1,1]","[5,2,2,2,1,1,1,1,0,2,1,0,0,0,1,0,2,0,1,1,0,0,1,1,0,0,0,0,0]"
A4,A4-P059,108,"[2,3,5,6]",12,1,[4],"[4,1,0,1,1,2,1,0]","[4,1,0,1,1,2,1,0,0,0,0,0,1,0,1,0,0,0,0,0,1,0,0,0,1,0,0,0,0]"
A4,A4-P060,109,"[0,2,3,5,6]",12,1,[5],"[5,2,1,2,2,2,1,0]","[5,2,1,2,2,2,1,0,0,1,1,1,1,0,1,1,0,0,1,0,1,0,1,0,1,0,0,0,0]"
A4,A4-P061,110,"[1,2,3,5,6]",12,1,[5],"[5,2,1,2,1,2,1,1]","[5,2,1,2,1,2,1,1,0,1,0,1,1,0,1,0,1,1,0,1,1,0,0,1,1,0,0,0,0]"
A4,A4-P062,111,"[0,1,2,3,5,6]",12,1,[6],"[6,4,2,3,2,2,1,1]","[6,4,2,3,2,2,1,1,1,3,2,2,1,0,1,1,2,1,1,1,1,0,1,1,1,0,0,0,0]"
A4,A4-P063,114,"[1,4,5,6]",12,1,[4],"[4,1,1,0,1,1,1,1]","[4,1,1,0,1,1,1,1,0,0,0,0,0,1,0,0,0,1,1,0,0,0,0,1,0,0,0,0,0]"
A4,A4-P064,115,"[0,1,4,5,6]",12,1,[5],"[5,2,1,1,3,1,1,1]","[5,2,1,1,3,1,1,1,0,0,1,1,1,1,0,0,1,1,1,0,0,1,1,1,0,0,0,0,0]"
A4,A4-P065,116,"[2,4,5,6]",12,1,[4],"[4,1,0,1,1,1,2,0]","[4,1,0,1,1,1,2,0,0,0,0,0,0,1,1,0,0,0,0,0,0,0,1,0,1,0,0,0,0]"
A4,A4-P066,117,"[0,2,4,5,6]",12,1,[5],"[5,2,0,2,3,1,2,0]","[5,2,0,2,3,1,2,0,0,0,0,2,0,2,1,1,0,0,0,0,0,1,2,0,1,0,0,0,0]"
A4,A4-P067,118,"[1,2,4,5,6]",12,1,[5],"[5,2,1,1,1,2,2,1]","[5,2,1,1,1,2,2,1,0,1,0,0,0,1,2,0,0,2,1,0,0,0,1,1,1,0,0,0,0]"
A4,A4-P068,119,"[0,1,2,4,5,6]",12,1,[6],"[6,4,1,2,3,2,2,1]","[6,4,1,2,3,2,2,1,1,1,1,2,1,2,2,1,1,2,1,0,0,1,2,1,1,0,0,0,0]"
A4,A4-P069,122,"[1,3,4,5,6]",12,1,[5],"[5,3,1,1,1,2,1,1]","[5,3,1,1,1,2,1,1,1,0,0,0,1,1,1,1,1,1,1,1,0,0,0,1,0,0,0,0,0]"
A4,A4-P070,123,"[0,1,3,4,5,6]",12,1,[6],"[6,4,2,2,3,2,1,1]","[6,4,2,2,3,2,1,1,1,2,2,1,2,1,1,1,2,1,2,1,0,1,1,1,0,0,0,0,0]"
A4,A4-P071,124,"[2,3,4,5,6]",12,1,[5],"[5,3,0,1,2,2,2,0]","[5,3,0,1,2,2,2,0,1,0,0,0,2,2,2,0,0,0,0,0,1,0,1,0,1,0,0,0,0]"
A4,A4-P072,125,"[0,2,3,4,5,6]",12,1,[6],"[6,4,1,2,4,2,2,0]","[6,4,1,2,4,2,2,0,1,1,2,2,2,3,2,1,0,0,1,0,1,1,2,0,1,0,0,0,0]"
A4,A4-P073,126,"[1,2,3,4,5,6]",12,1,[6],"[6,4,1,2,2,3,2,1]","[6,4,1,2,2,3,2,1,1,1,0,1,2,2,3,1,1,2,1,1,1,0,1,1,1,0,0,0,0]"
A4,A4-P074,127,"[0,1,2,3,4,5,6]",12,1,[7],"[7,6,2,3,4,3,2,1]","[7,6,2,3,4,3,2,1,2,3,3,3,3,3,3,2,2,2,2,1,1,1,2,1,1,0,0,0,0]"
A4,A4-P075,138,"[1,3,7]",4,3,[3],"[3,0,0,3,0,0,0,0]","[3,0,0,3,0,0,0,0,0,0,0,0,0,0,0,0,0,0,0,0,0,0,0,0,0,1,0,0,0]"
A4,A4-P076,139,"[0,1,3,7]",12,1,[4],"[4,1,1,3,0,1,0,0]","[4,1,1,3,0,1,0,0,0,1,0,0,0,0,0,1,0,0,0,1,0,0,0,0,0,1,0,0,0]"
A4,A4-P077,140,"[2,3,7]",12,1,[3],"[3,0,0,1,1,0,0,1]","[3,0,0,1,1,0,0,1,0,0,0,0,0,0,0,0,0,0,0,0,0,0,0,0,0,0,1,0,0]"
A4,A4-P078,141,"[0,2,3,7]",12,1,[4],"[4,1,1,1,1,1,0,1]","[4,1,1,1,1,1,0,1,0,0,1,0,0,0,0,0,0,1,0,1,0,0,0,0,0,0,1,0,0]"
A4,A4-P079,142,"[1,2,3,7]",12,1,[4],"[4,1,0,3,1,0,0,1]","[4,1,0,3,1,0,0,1,0,0,0,1,0,0,0,0,1,0,0,0,0,0,0,0,0,1,1,0,0]"
A4,A4-P080,143,"[0,1,2,3,7]",12,1,[5],"[5,3,1,3,1,1,0,1]","[5,3,1,3,1,1,0,1,1,1,1,1,0,0,0,1,1,1,0,1,0,0,0,0,0,1,1,0,0]"
A4,A4-P081,155,"[0,1,3,4,7]",12,1,[5],"[5,2,2,3,1,2,0,0]","[5,2,2,3,1,2,0,0,0,2,1,0,1,0,0,2,0,0,1,2,0,0,0,0,0,1,0,0,0]"
A4,A4-P082,156,"[2,3,4,7]",12,1,[4],"[4,1,1,1,1,0,1,1]","[4,1,1,1,1,0,1,1,0,1,0,0,0,1,0,0,0,0,0,0,0,0,0,1,0,0,1,0,0]"
A4,A4-P083,157,"[0,2,3,4,7]",12,1,[5],"[5,2,2,1,2,1,1,1]","[5,2,2,1,2,1,1,1,0,1,2,0,0,2,0,0,0,1,1,1,0,0,0,1,0,0,1,0,0]"
A4,A4-P084,158,"[1,2,3,4,7]",12,1,[5],"[5,2,1,3,1,1,1,1]","[5,2,1,3,1,1,1,1,0,1,0,1,0,1,1,1,1,0,0,1,0,0,0,1,0,1,1,0,0]"
A4,A4-P085,159,"[0,1,2,3,4,7]",12,1,[6],"[6,4,2,3,2,2,1,1]","[6,4,2,3,2,2,1,1,1,2,2,1,1,2,1,2,1,1,1,2,0,0,0,1,0,1,1,0,0]"
A4,A4-P086,163,"[0,1,5,7]",12,1,[4],"[4,1,0,2,1,1,0,1]","[4,1,0,2,1,1,0,1,0,0,0,0,0,0,0,1,1,0,0,0,1,0,0,0,0,0,1,0,0]"
A4,A4-P087,164,"[2,5,7]",12,1,[3],"[3,0,0,0,1,1,0,1]","[3,0,0,0,1,1,0,1,0,0,0,0,0,0,0,0,0,0,0,0,0,0,0,0,0,0,0,1,0]"
A4,A4-P088,165,"[0,2,5,7]",12,1,[4],"[4,1,0,1,1,2,0,1]","[4,1,0,1,1,2,0,1,0,0,0,0,0,0,0,1,0,1,0,0,1,0,0,0,0,0,0,1,0]"
A4,A4-P089,166,"[1,2,5,7]",12,1,[4],"[4,1,0,1,1,1,0,2]","[4,1,0,1,1,1,0,2,0,0,0,0,0,0,0,0,1,1,0,0,0,0,0,0,0,0,1,1,0]"
A4,A4-P090,167,"[0,1,2,5,7]",12,1,[5],"[5,3,0,2,1,2,0,2]","[5,3,0,2,1,2,0,2,1,0,0,0,0,0,0,2,2,2,0,0,1,0,0,0,0,0,1,1,0]"
A4,A4-P091,171,"[0,1,3,5,7]",12,1,[5],"[5,2,1,4,1,1,0,1]","[5,2,1,4,1,1,0,1,0,2,0,1,0,0,0,1,2,0,0,1,1,0,0,0,0,1,1,0,0]"
A4,A4-P092,172,"[2,3,5,7]",12,1,[4],"[4,1,0,1,2,1,0,1]","[4,1,0,1,2,1,0,1,0,0,0,1,1,0,0,0,0,0,0,0,0,0,0,0,0,0,1,1,0]"
A4,A4-P093,173,"[0,2,3,5,7]",12,1,[5],"[5,2,1,2,2,2,0,1]","[5,2,1,2,2,2,0,1,0,1,1,1,1,0,0,1,0,1,0,1,1,0,0,0,0,0,1,1,0]"
A4,A4-P094,174,"[1,2,3,5,7]",12,1,[5],"[5,2,0,3,2,1,0,2]","[5,2,0,3,2,1,0,2,0,0,0,2,1,0,0,0,2,1,0,0,0,0,0,0,0,1,2,1,0]"
A4,A4-P095,175,"[0,1,2,3,5,7]",12,1,[6],"[6,4,1,4,2,2,0,2]","[6,4,1,4,2,2,0,2,1,2,1,2,1,0,0,2,3,2,0,1,1,0,0,0,0,1,2,1,0]"
A4,A4-P096,179,"[0,1,4,5,7]",12,1,[5],"[5,2,1,2,2,2,0,1]","[5,2,1,2,2,2,0,1,0,0,1,1,1,0,0,1,1,1,1,1,1,0,0,0,0,0,1,0,0]"
A4,A4-P097,180,"[2,4,5,7]",12,1,[4],"[4,1,1,0,1,1,1,1]","[4,1,1,0,1,1,1,1,0,0,1,0,0,0,1,0,0,0,0,0,0,0,0,1,0,0,0,1,0]"
A4,A4-P098,181,"[0,2,4,5,7]",12,1,[5],"[5,2,1,1,2,2,1,1]","[5,2,1,1,2,2,1,1,0,0,1,1,0,1,1,1,0,1,1,0,1,0,0,1,0,0,0,1,0]"
A4,A4-P099,182,"[1,2,4,5,7]",12,1,[5],"[5,2,1,1,1,2,1,2]","[5,2,1,1,1,2,1,2,0,0,1,0,0,0,2,0,1,2,0,1,0,0,0,1,0,0,1,1,0]"
A4,A4-P100,183,"[0,1,2,4,5,7]",12,1,[6],"[6,4,1,2,2,3,1,2]","[6,4,1,2,2,3,1,2,1,0,1,1,1,1,2,2,2,3,1,1,1,0,0,1,0,0,1,1,0]"
A4,A4-P101,187,"[0,1,3,4,5,7]",12,1,[6],"[6,4,2,4,2,2,0,1]","[6,4,2,4,2,2,0,1,1,3,2,2,1,0,0,2,2,1,1,2,1,0,0,0,0,1,1,0,0]"
A4,A4-P102,188,"[2,3,4,5,7]",12,1,[5],"[5,3,1,1,2,1,1,1]","[5,3,1,1,2,1,1,1,1,1,1,1,1,1,1,0,0,0,0,0,0,0,0,1,0,0,1,1,0]"
A4,A4-P103,189,"[0,2,3,4,5,7]",12,1,[6],"[6,4,2,2,3,2,1,1]","[6,4,2,2,3,2,1,1,1,2,3,2,1,2,1,1,0,1,1,1,1,0,0,1,0,0,1,1,0]"
A4,A4-P104,190,"[1,2,3,4,5,7]",12,1,[6],"[6,4,1,3,2,2,1,2]","[6,4,1,3,2,2,1,2,1,1,1,2,1,1,2,1,2,2,0,1,0,0,0,1,0,1,2,1,0]"
A4,A4-P105,191,"[0,1,2,3,4,5,7]",12,1,[7],"[7,6,2,4,3,3,1,2]","[7,6,2,4,3,3,1,2,2,3,3,3,2,2,2,3,3,3,1,2,1,0,0,1,0,1,2,1,0]"
A4,A4-P106,219,"[0,1,3,4,6,7]",4,3,[6],"[6,3,3,3,3,3,0,0]","[6,3,3,3,3,3,0,0,0,3,3,0,3,0,0,3,0,0,3,3,0,1,0,0,0,1,0,0,0]"
A4,A4-P107,220,"[2,3,4,6,7]",12,1,[5],"[5,2,1,2,2,1,1,1]","[5,2,1,2,2,1,1,1,0,1,1,0,1,1,0,1,1,0,0,0,1,0,1,1,0,0,1,0,0]"
A4,A4-P108,221,"[0,2,3,4,6,7]",12,1,[6],"[6,3,2,2,4,2,1,1]","[6,3,2,2,4,2,1,1,0,1,3,1,2,2,0,1,1,1,2,1,1,1,1,1,0,0,1,0,0]"
A4,A4-P109,222,"[1,2,3,4,6,7]",12,1,[6],"[6,3,2,4,2,2,1,1]","[6,3,2,4,2,2,1,1,0,3,1,1,1,1,1,2,2,0,1,2,1,0,1,1,0,1,1,0,0]"
A4,A4-P110,223,"[0,1,2,3,4,6,7]",12,1,[7],"[7,5,3,4,4,3,1,1]","[7,5,3,4,4,3,1,1,1,4,4,2,3,2,1,3,2,1,3,3,1,1,1,1,0,1,1,0,0]"
A4,A4-P111,228,"[2,5,6,7]",12,1,[4],"[4,1,0,1,1,1,1,1]","[4,1,0,1,1,1,1,1,0,0,0,0,0,1,0,0,1,0,0,0,0,0,0,0,1,0,0,1,0]"
A4,A4-P112,229,"[0,2,5,6,7]",12,1,[5],"[5,2,0,2,2,2,1,1]","[5,2,0,2,2,2,1,1,0,0,0,1,1,1,0,1,1,1,0,0,1,0,1,0,1,0,0,1,0]"
A4,A4-P113,230,"[1,2,5,6,7]",12,1,[5],"[5,2,1,2,1,1,1,2]","[5,2,1,2,1,1,1,2,0,2,0,0,0,1,0,0,2,1,0,0,0,0,0,1,1,0,1,1,0]"
A4,A4-P114,231,"[0,1,2,5,6,7]",12,1,[6],"[6,4,1,3,2,2,1,2]","[6,4,1,3,2,2,1,2,1,2,1,1,1,1,0,2,3,2,0,0,1,0,1,1,1,0,1,1,0]"
A4,A4-P115,236,"[2,3,5,6,7]",12,1,[5],"[5,2,0,2,2,2,1,1]","[5,2,0,2,2,2,1,1,0,0,0,1,1,1,1,1,1,0,0,0,1,0,0,0,1,0,1,1,0]"
A4,A4-P116,237,"[0,2,3,5,6,7]",12,1,[6],"[6,3,1,3,3,3,1,1]","[6,3,1,3,3,3,1,1,0,1,1,2,2,1,1,2,1,1,1,1,2,0,1,0,1,0,1,1,0]"
A4,A4-P117,238,"[1,2,3,5,6,7]",12,1,[6],"[6,3,1,4,2,2,1,2]","[6,3,1,4,2,2,1,2,0,2,0,2,1,1,1,1,3,1,0,1,1,0,0,1,1,1,2,1,0]"
A4,A4-P118,239,"[0,1,2,3,5,6,7]",12,1,[7],"[7,5,2,5,3,3,1,2]","[7,5,2,5,3,3,1,2,1,4,2,3,2,1,1,3,4,2,1,2,2,0,1,1,1,1,2,1,0]"
A4,A4-P119,244,"[2,4,5,6,7]",12,1,[5],"[5,2,1,1,2,1,2,1]","[5,2,1,1,2,1,2,1,0,0,2,0,0,2,1,0,1,0,0,0,0,0,1,1,1,0,0,1,0]"
A4,A4-P120,245,"[0,2,4,5,6,7]",12,1,[6],"[6,3,1,2,4,2,2,1]","[6,3,1,2,4,2,2,1,0,0,2,2,1,3,1,1,1,1,1,0,1,1,2,1,1,0,0,1,0]"
A4,A4-P121,246,"[1,2,4,5,6,7]",12,1,[6],"[6,3,2,2,2,2,2,2]","[6,3,2,2,2,2,2,2,0,2,2,0,0,2,2,0,2,2,1,1,0,0,1,2,1,0,1,1,0]"
A4,A4-P122,247,"[0,1,2,4,5,6,7]",12,1,[7],"[7,5,2,3,4,3,2,2]","[7,5,2,3,4,3,2,2,1,2,3,2,2,3,2,2,3,3,2,1,1,1,2,2,1,0,1,1,0]"
A4,A4-P123,252,"[2,3,4,5,6,7]",12,1,[6],"[6,4,1,2,3,2,2,1]","[6,4,1,2,3,2,2,1,1,1,2,1,2,3,2,1,1,0,0,0,1,0,1,1,1,0,1,1,0]"
A4,A4-P124,253,"[0,2,3,4,5,6,7]",12,1,[7],"[7,5,2,3,5,3,2,1]","[7,5,2,3,5,3,2,1,1,2,4,3,3,4,2,2,1,1,2,1,2,1,2,1,1,0,1,1,0]"
A4,A4-P125,254,"[1,2,3,4,5,6,7]",12,1,[7],"[7,5,2,4,3,3,2,2]","[7,5,2,4,3,3,2,2,1,3,2,2,2,3,3,2,3,2,1,2,1,0,1,2,1,1,2,1,0]"
A4,A4-P126,255,"[0,1,2,3,4,5,6,7]",12,1,[8],"[8,7,3,5,5,4,2,2]","[8,7,3,5,5,4,2,2,2,5,5,4,4,4,3,4,4,3,3,3,2,1,2,2,1,1,2,1,0]"
A4,A4-P127,292,"[2,5,8]",4,3,[3],"[3,0,0,0,0,3,0,0]","[3,0,0,0,0,3,0,0,0,0,0,0,0,0,0,0,0,0,0,0,0,0,0,0,0,0,0,0,1]"
A4,A4-P128,293,"[0,2,5,8]",12,1,[4],"[4,1,0,1,0,3,1,0]","[4,1,0,1,0,3,1,0,0,0,0,0,0,0,1,1,0,0,0,0,0,0,0,0,1,0,0,0,1]"
A4,A4-P129,294,"[1,2,5,8]",12,1,[4],"[4,1,0,0,1,3,0,1]","[4,1,0,0,1,3,0,1,0,0,0,0,1,0,0,0,0,1,0,0,0,0,0,0,0,0,0,1,1]"
A4,A4-P130,295,"[0,1,2,5,8]",12,1,[5],"[5,3,0,1,1,3,1,1]","[5,3,0,1,1,3,1,1,1,0,0,0,1,1,1,1,1,1,0,0,0,0,0,0,1,0,0,1,1]"
A4,A4-P131,301,"[0,2,3,5,8]",12,1,[5],"[5,2,1,1,1,3,1,1]","[5,2,1,1,1,3,1,1,0,1,1,0,1,0,1,1,0,1,0,0,0,0,0,1,1,0,0,1,1]"
A4,A4-P132,302,"[1,2,3,5,8]",12,1,[5],"[5,2,0,1,2,3,0,2]","[5,2,0,1,2,3,0,2,0,0,0,1,2,0,0,0,1,2,0,0,0,0,0,0,0,0,1,2,1]"
A4,A4-P133,303,"[0,1,2,3,5,8]",12,1,[6],"[6,4,1,2,2,3,1,2]","[6,4,1,2,2,3,1,2,1,2,1,1,2,1,1,1,2,2,0,0,0,0,0,1,1,0,1,2,1]"
A4,A4-P134,309,"[0,2,4,5,8]",12,1,[5],"[5,2,0,2,1,3,2,0]","[5,2,0,2,1,3,2,0,0,0,0,1,0,1,2,2,0,0,0,0,0,0,1,0,2,0,0,0,1]"
A4,A4-P135,310,"[1,2,4,5,8]",12,1,[5],"[5,2,0,1,1,4,1,1]","[5,2,0,1,1,4,1,1,0,0,0,0,1,0,2,1,0,2,0,0,1,0,0,0,1,0,0,1,1]"
A4,A4-P136,311,"[0,1,2,4,5,8]",12,1,[6],"[6,4,0,2,2,4,2,1]","[6,4,0,2,2,4,2,1,1,0,0,1,2,2,3,2,1,2,0,0,1,0,1,0,2,0,0,1,1]"
A4,A4-P137,317,"[0,2,3,4,5,8]",12,1,[6],"[6,4,1,2,2,3,2,1]","[6,4,1,2,2,3,2,1,1,1,2,1,1,2,2,2,1,1,0,0,0,0,1,1,2,0,0,1,1]"
A4,A4-P138,318,"[1,2,3,4,5,8]",12,1,[6],"[6,4,0,2,2,4,1,2]","[6,4,0,2,2,4,1,2,1,0,0,1,2,1,2,2,2,3,0,0,1,0,0,0,1,0,1,2,1]"
A4,A4-P139,319,"[0,1,2,3,4,5,8]",12,1,[7],"[7,6,1,3,3,4,2,2]","[7,6,1,3,3,4,2,2,2,2,2,2,3,3,3,3,3,3,0,0,1,0,1,1,2,0,1,2,1]"
A4,A4-P140,365,"[0,2,3,5,6,8]",12,1,[6],"[6,3,1,2,2,4,2,1]","[6,3,1,2,2,4,2,1,0,1,1,1,1,1,3,2,0,2,1,0,1,0,1,1,2,0,0,1,1]"
A4,A4-P141,366,"[1,2,3,5,6,8]",12,1,[6],"[6,3,1,2,2,4,1,2]","[6,3,1,2,2,4,1,2,0,1,1,1,2,0,2,1,1,3,0,1,1,0,0,1,1,0,1,2,1]"
A4,A4-P142,367,"[0,1,2,3,5,6,8]",12,1,[7],"[7,5,2,3,3,4,2,2]","[7,5,2,3,3,4,2,2,1,3,3,2,2,2,3,2,2,3,1,1,1,0,1,2,2,0,1,2,1]"
A4,A4-P143,373,"[0,2,4,5,6,8]",4,3,[6],"[6,3,0,3,3,3,3,0]","[6,3,0,3,3,3,3,0,0,0,0,3,0,3,3,3,0,0,0,0,0,1,3,0,3,0,0,0,1]"
A4,A4-P144,375,"[0,1,2,4,5,6,8]",12,1,[7],"[7,5,1,3,4,4,3,1]","[7,5,1,3,4,4,3,1,1,1,2,3,2,4,4,3,1,2,1,0,1,1,3,1,3,0,0,1,1]"
A4,A4-P145,382,"[1,2,3,4,5,6,8]",12,1,[7],"[7,5,1,3,3,5,2,2]","[7,5,1,3,3,5,2,2,1,1,1,2,3,2,4,3,2,4,1,1,2,0,1,1,2,0,1,2,1]"
A4,A4-P146,383,"[0,1,2,3,4,5,6,8]",12,1,[8],"[8,7,2,4,5,5,3,2]","[8,7,2,4,5,5,3,2,2,3,4,4,4,5,5,4,3,4,2,1,2,1,3,2,3,0,1,2,1]"
A4,A4-P147,430,"[1,2,3,5,7,8]",4,3,[6],"[6,3,0,3,3,3,0,3]","[6,3,0,3,3,3,0,3,0,0,0,3,3,0,0,0,3,3,0,0,0,0,0,0,0,1,3,3,1]"
A4,A4-P148,431,"[0,1,2,3,5,7,8]",12,1,[7],"[7,5,1,4,3,4,1,3]","[7,5,1,4,3,4,1,3,1,2,1,3,3,1,2,2,4,4,0,1,1,0,0,1,1,1,3,3,1]"
A4,A4-P149,447,"[0,1,2,3,4,5,7,8]",12,1,[8],"[8,7,2,5,4,5,2,3]","[8,7,2,5,4,5,2,3,2,4,3,4,4,3,4,4,5,5,1,2,2,0,1,2,2,1,3,3,1]"
A4,A4-P150,511,"[0,1,2,3,4,5,6,7,8]",4,3,[9],"[9,9,3,6,6,6,3,3]","[9,9,3,6,6,6,3,3,3,6,6,6,6,6,6,6,6,6,3,3,3,1,3,3,3,1,3,3,1]"
A4,A4-P151,585,"[0,3,6,9]",12,1,[4],"[4,0,1,1,1,3,0,0]","[4,0,1,1,1,3,0,0,0,0,0,0,0,0,0,0,0,0,1,1,1,0,0,0,0,0,0,0,1]"
A4,A4-P152,587,"[0,1,3,6,9]",12,1,[5],"[5,1,2,2,2,3,0,0]","[5,1,2,2,2,3,0,0,0,1,1,1,0,0,0,0,0,0,2,2,2,0,0,0,0,0,0,0,1]"
A4,A4-P153,591,"[0,1,2,3,6,9]",4,3,[6],"[6,3,3,3,3,3,0,0]","[6,3,3,3,3,3,0,0,1,3,3,3,0,0,0,0,0,0,3,3,3,0,0,0,0,0,0,0,1]"
A4,A4-P154,593,"[0,4,6,9]",12,1,[4],"[4,0,0,1,3,1,0,1]","[4,0,0,1,3,1,0,1,0,0,0,0,0,0,0,0,0,0,0,0,1,1,0,0,0,0,1,1,0]"
A4,A4-P155,594,"[1,4,6,9]",6,2,[4],"[4,0,1,0,2,2,0,1]","[4,0,1,0,2,2,0,1,0,0,0,0,0,0,0,0,0,0,2,0,0,0,0,0,0,0,0,2,0]"
A4,A4-P156,595,"[0,1,4,6,9]",12,1,[5],"[5,1,1,1,4,2,0,1]","[5,1,1,1,4,2,0,1,0,0,1,1,1,0,0,0,0,0,2,0,1,1,0,0,0,0,1,2,0]"
A4,A4-P157,596,"[2,4,6,9]",12,1,[4],"[4,0,1,1,1,1,1,1]","[4,0,1,1,1,1,1,1,0,0,0,0,0,0,0,0,0,0,0,1,0,0,1,1,0,0,0,1,0]"
A4,A4-P158,597,"[0,2,4,6,9]",12,1,[5],"[5,1,1,2,3,1,1,1]","[5,1,1,2,3,1,1,1,0,1,0,1,0,1,0,0,0,0,0,1,1,1,1,1,0,0,1,1,0]"
A4,A4-P159,598,"[1,2,4,6,9]",12,1,[5],"[5,1,2,1,2,2,1,1]","[5,1,2,1,2,2,1,1,0,1,1,0,0,0,1,0,0,0,2,1,0,0,1,1,0,0,0,2,0]"
A4,A4-P160,599,"[0,1,2,4,6,9]",12,1,[6],"[6,3,2,2,4,2,1,1]","[6,3,2,2,4,2,1,1,1,2,2,2,1,1,1,0,0,0,2,1,1,1,1,1,0,0,1,2,0]"
A4,A4-P161,601,"[0,3,4,6,9]",12,1,[5],"[5,1,1,1,3,3,0,1]","[5,1,1,1,3,3,0,1,0,0,1,0,1,0,0,0,0,1,1,1,1,1,0,0,0,0,1,1,1]"
A4,A4-P162,602,"[1,3,4,6,9]",12,1,[5],"[5,1,1,1,2,4,0,1]","[5,1,1,1,2,4,0,1,0,0,0,0,1,0,0,1,0,1,2,1,1,0,0,0,0,0,0,2,1]"
A4,A4-P163,603,"[0,1,3,4,6,9]",12,1,[6],"[6,2,2,2,4,4,0,1]","[6,2,2,2,4,4,0,1,0,1,2,1,2,0,0,1,0,1,3,2,2,1,0,0,0,0,1,2,1]"
A4,A4-P164,604,"[2,3,4,6,9]",12,1,[5],"[5,1,1,1,2,3,1,1]","[5,1,1,1,2,3,1,1,0,0,0,0,1,1,0,0,0,1,1,1,1,0,1,1,0,0,0,1,1]"
A4,A4-P165,605,"[0,2,3,4,6,9]",12,1,[6],"[6,2,2,2,4,3,1,1]","[6,2,2,2,4,3,1,1,0,1,2,1,1,2,0,0,0,1,2,2,2,1,1,1,0,0,1,1,1]"
A4,A4-P166,606,"[1,2,3,4,6,9]",12,1,[6],"[6,2,2,2,3,4,1,1]","[6,2,2,2,3,4,1,1,0,1,1,1,1,1,1,1,0,1,3,2,2,0,1,1,0,0,0,2,1]"
A4,A4-P167,607,"[0,1,2,3,4,6,9]",12,1,[7],"[7,4,3,3,5,4,1,1]","[7,4,3,3,5,4,1,1,1,3,4,3,2,2,1,1,0,1,4,3,3,1,1,1,0,0,1,2,1]"
A4,A4-P168,609,"[0,5,6,9]",12,1,[4],"[4,0,0,3,1,1,1,0]","[4,0,0,3,1,1,1,0,0,0,0,0,0,0,0,0,0,0,0,0,1,0,1,0,1,1,0,0,0]"
A4,A4-P169,610,"[1,5,6,9]",12,1,[4],"[4,0,1,1,1,1,1,1]","[4,0,1,1,1,1,1,1,0,0,0,0,0,0,0,0,0,0,1,0,0,0,0,1,1,0,1,0,0]"
A4,A4-P170,611,"[0,1,5,6,9]",12,1,[5],"[5,1,1,3,2,1,1,1]","[5,1,1,3,2,1,1,1,0,0,1,1,0,0,0,0,1,0,1,0,1,0,1,1,1,1,1,0,0]"
A4,A4-P171,612,"[2,5,6,9]",6,2,[4],"[4,0,1,2,0,2,1,0]","[4,0,1,2,0,2,1,0,0,0,0,0,0,0,0,0,0,0,0,2,0,0,0,0,2,0,0,0,0]"
A4,A4-P172,613,"[0,2,5,6,9]",12,1,[5],"[5,1,1,4,1,2,1,0]","[5,1,1,4,1,2,1,0,0,1,0,1,0,0,0,1,0,0,0,2,1,0,1,0,2,1,0,0,0]"
A4,A4-P173,614,"[1,2,5,6,9]",12,1,[5],"[5,1,2,2,1,2,1,1]","[5,1,2,2,1,2,1,1,0,1,1,0,0,0,0,0,0,1,1,2,0,0,0,1,2,0,1,0,0]"
A4,A4-P174,615,"[0,1,2,5,6,9]",12,1,[6],"[6,3,2,4,2,2,1,1]","[6,3,2,4,2,2,1,1,1,2,2,2,0,0,0,1,1,1,1,2,1,0,1,1,2,1,1,0,0]"
A4,A4-P175,617,"[0,3,5,6,9]",12,1,[5],"[5,1,1,3,1,3,1,0]","[5,1,1,3,1,3,1,0,0,1,0,0,0,0,1,1,0,0,1,1,1,0,1,0,1,1,0,0,1]"
A4,A4-P176,618,"[1,3,5,6,9]",12,1,[5],"[5,1,1,2,1,3,1,1]","[5,1,1,2,1,3,1,1,0,0,0,0,0,0,1,1,1,0,1,1,1,0,0,1,1,0,1,0,1]"
A4,A4-P177,619,"[0,1,3,5,6,9]",12,1,[6],"[6,2,2,4,2,3,1,1]","[6,2,2,4,2,3,1,1,0,2,1,1,0,0,1,1,2,0,2,2,2,0,1,1,1,1,1,0,1]"
A4,A4-P178,620,"[2,3,5,6,9]",12,1,[5],"[5,1,1,2,1,4,1,0]","[5,1,1,2,1,4,1,0,0,0,0,0,1,0,1,1,0,0,1,2,1,0,0,0,2,0,0,0,1]"
A4,A4-P179,621,"[0,2,3,5,6,9]",12,1,[6],"[6,2,2,4,2,4,1,0]","[6,2,2,4,2,4,1,0,0,2,1,1,1,0,1,2,0,0,2,3,2,0,1,0,2,1,0,0,1]"
A4,A4-P180,622,"[1,2,3,5,6,9]",12,1,[6],"[6,2,2,3,2,4,1,1]","[6,2,2,3,2,4,1,1,0,1,1,1,1,0,1,1,1,1,2,3,2,0,0,1,2,0,1,0,1]"
A4,A4-P181,623,"[0,1,2,3,5,6,9]",12,1,[7],"[7,4,3,5,3,4,1,1]","[7,4,3,5,3,4,1,1,1,4,3,3,1,0,1,2,2,1,3,4,3,0,1,1,2,1,1,0,1]"
A4,A4-P182,625,"[0,4,5,6,9]",12,1,[5],"[5,1,0,3,3,1,1,1]","[5,1,0,3,3,1,1,1,0,0,0,1,0,1,0,0,1,0,0,0,1,1,1,0,1,1,1,1,0]"
A4,A4-P183,626,"[1,4,5,6,9]",12,1,[5],"[5,1,1,1,2,2,1,2]","[5,1,1,1,2,2,1,2,0,0,0,0,0,1,0,0,1,1,2,0,0,0,0,1,1,0,1,2,0]"
A4,A4-P184,627,"[0,1,4,5,6,9]",12,1,[6],"[6,2,1,3,4,2,1,2]","[6,2,1,3,4,2,1,2,0,0,1,2,1,1,0,0,2,1,2,0,1,1,1,1,1,1,2,2,0]"
A4,A4-P185,628,"[2,4,5,6,9]",12,1,[5],"[5,1,1,2,1,2,2,1]","[5,1,1,2,1,2,2,1,0,0,0,0,0,1,1,0,1,0,0,2,0,0,1,1,2,0,0,1,0]"
A4,A4-P186,629,"[0,2,4,5,6,9]",12,1,[6],"[6,2,1,4,3,2,2,1]","[6,2,1,4,3,2,2,1,0,1,0,2,0,2,1,1,1,0,0,2,1,1,2,1,2,1,1,1,0]"
A4,A4-P187,630,"[1,2,4,5,6,9]",12,1,[6],"[6,2,2,2,2,3,2,2]","[6,2,2,2,2,3,2,2,0,1,1,0,0,1,2,0,1,2,2,2,0,0,1,2,2,0,1,2,0]"
A4,A4-P188,631,"[0,1,2,4,5,6,9]",12,1,[7],"[7,4,2,4,4,3,2,2]","[7,4,2,4,4,3,2,2,1,2,2,3,1,2,2,1,2,2,2,2,1,1,2,2,2,1,2,2,0]"
A4,A4-P189,633,"[0,3,4,5,6,9]",12,1,[6],"[6,3,1,3,3,3,1,1]","[6,3,1,3,3,3,1,1,1,1,1,1,1,1,1,1,1,1,1,1,1,1,1,0,1,1,1,1,1]"
A4,A4-P190,634,"[1,3,4,5,6,9]",12,1,[6],"[6,3,1,2,2,4,1,2]","[6,3,1,2,2,4,1,2,1,0,0,0,1,1,1,2,2,2,2,1,1,0,0,1,1,0,1,2,1]"
A4,A4-P191,635,"[0,1,3,4,5,6,9]",12,1,[7],"[7,4,2,4,4,4,1,2]","[7,4,2,4,4,4,1,2,1,2,2,2,2,1,1,2,3,2,3,2,2,1,1,1,1,1,2,2,1]"
A4,A4-P192,636,"[2,3,4,5,6,9]",12,1,[6],"[6,3,1,2,2,4,2,1]","[6,3,1,2,2,4,2,1,1,0,0,0,2,2,2,1,1,1,1,2,1,0,1,1,2,0,0,1,1]"
A4,A4-P193,637,"[0,2,3,4,5,6,9]",12,1,[7],"[7,4,2,4,4,4,2,1]","[7,4,2,4,4,4,2,1,1,2,2,2,2,3,2,2,1,1,2,3,2,1,2,1,2,1,1,1,1]"
A4,A4-P194,638,"[1,2,3,4,5,6,9]",12,1,[7],"[7,4,2,3,3,5,2,2]","[7,4,2,3,3,5,2,2,1,1,1,1,2,2,3,2,2,3,3,3,2,0,1,2,2,0,1,2,1]"
A4,A4-P195,639,"[0,1,2,3,4,5,6,9]",12,1,[8],"[8,6,3,5,5,5,2,2]","[8,6,3,5,5,5,2,2,2,4,4,4,3,3,3,3,3,3,4,4,3,1,2,2,2,1,2,2,1]"
A4,A4-P196,659,"[0,1,4,7,9]",12,1,[5],"[5,1,1,2,2,2,1,1]","[5,1,1,2,2,2,1,1,0,0,0,1,1,0,0,1,0,0,1,1,0,0,1,1,1,0,1,1,0]"
A4,A4-P197,660,"[2,4,7,9]",3,4,[4],"[4,0,2,0,0,0,2,2]","[4,0,2,0,0,0,2,2,0,0,0,0,0,0,0,0,0,0,0,0,0,0,0,4,0,0,0,0,0]"
A4,A4-P198,661,"[0,2,4,7,9]",12,1,[5],"[5,1,2,1,1,1,2,2]","[5,1,2,1,1,1,2,2,0,1,0,0,0,1,0,0,0,1,1,0,0,0,0,4,1,0,1,0,0]"
A4,A4-P199,662,"[1,2,4,7,9]",12,1,[5],"[5,1,2,1,1,1,2,2]","[5,1,2,1,1,1,2,2,0,0,1,0,0,0,1,0,1,0,0,1,0,0,1,4,0,0,0,1,0]"
A4,A4-P200,663,"[0,1,2,4,7,9]",12,1,[6],"[6,3,2,2,2,2,2,2]","[6,3,2,2,2,2,2,2,1,1,1,1,1,1,1,1,1,1,1,1,0,0,1,4,1,0,1,1,0]"
A4,A4-P201,666,"[1,3,4,7,9]",12,1,[5],"[5,1,1,3,1,2,1,1]","[5,1,1,3,1,2,1,1,0,1,0,0,0,0,0,1,0,1,0,1,1,0,1,1,1,1,0,1,0]"
A4,A4-P202,667,"[0,1,3,4,7,9]",12,1,[6],"[6,2,2,4,2,3,1,1]","[6,2,2,4,2,3,1,1,0,2,1,1,1,0,0,2,0,1,1,3,1,0,1,1,2,1,1,1,0]"
A4,A4-P203,669,"[0,2,3,4,7,9]",6,2,[6],"[6,2,3,2,2,2,2,2]","[6,2,3,2,2,2,2,2,0,2,2,0,0,2,0,0,0,2,2,2,0,0,0,4,2,0,2,0,0]"
A4,A4-P204,670,"[1,2,3,4,7,9]",12,1,[6],"[6,2,2,3,2,2,2,2]","[6,2,2,3,2,2,2,2,0,1,1,1,0,1,1,1,1,1,1,1,1,0,1,4,1,1,1,1,0]"
A4,A4-P205,671,"[0,1,2,3,4,7,9]",12,1,[7],"[7,4,3,4,3,3,2,2]","[7,4,3,4,3,3,2,2,1,3,3,2,1,2,1,2,1,2,2,3,1,0,1,4,2,1,2,1,0]"
A4,A4-P206,674,"[1,5,7,9]",6,2,[4],"[4,0,0,2,2,0,1,1]","[4,0,0,2,2,0,1,1,0,0,0,0,0,0,0,0,0,0,0,0,0,0,2,0,0,0,2,0,0]"
A4,A4-P207,675,"[0,1,5,7,9]",12,1,[5],"[5,1,0,4,2,1,1,1]","[5,1,0,4,2,1,1,1,0,0,0,1,0,0,0,1,1,0,0,0,1,0,2,0,1,1,2,0,0]"
A4,A4-P208,678,"[1,2,5,7,9]",12,1,[5],"[5,1,1,2,2,1,1,2]","[5,1,1,2,2,1,1,2,0,0,1,0,0,0,0,0,1,1,0,1,0,0,2,1,0,0,2,1,0]"
A4,A4-P209,679,"[0,1,2,5,7,9]",12,1,[6],"[6,3,1,4,2,2,1,2]","[6,3,1,4,2,2,1,2,1,1,1,1,0,0,0,2,2,2,0,1,1,0,2,1,1,1,2,1,0]"
A4,A4-P210,683,"[0,1,3,5,7,9]",6,2,[6],"[6,2,1,6,2,2,1,1]","[6,2,1,6,2,2,1,1,0,2,0,2,0,0,0,2,2,0,0,2,2,0,2,0,2,2,2,0,0]"
A4,A4-P211,686,"[1,2,3,5,7,9]",12,1,[6],"[6,2,1,4,3,2,1,2]","[6,2,1,4,3,2,1,2,0,0,1,2,1,0,0,1,2,1,1,1,1,0,2,1,1,1,3,1,0]"
A4,A4-P212,687,"[0,1,2,3,5,7,9]",12,1,[7],"[7,4,2,6,3,3,1,2]","[7,4,2,6,3,3,1,2,1,3,2,3,1,0,0,3,3,2,1,3,2,0,2,1,2,2,3,1,0]"
A4,A4-P213,694,"[1,2,4,5,7,9]",6,2,[6],"[6,2,2,2,2,2,2,3]","[6,2,2,2,2,2,2,3,0,0,2,0,0,0,2,0,2,2,0,2,0,0,2,4,0,0,2,2,0]"
A4,A4-P214,695,"[0,1,2,4,5,7,9]",12,1,[7],"[7,4,2,4,3,3,2,3]","[7,4,2,4,3,3,2,3,1,1,2,2,1,1,2,2,3,3,1,2,1,0,2,4,1,1,3,2,0]"
A4,A4-P215,703,"[0,1,2,3,4,5,7,9]",6,2,[8],"[8,6,3,6,4,4,2,3]","[8,6,3,6,4,4,2,3,2,4,4,4,2,2,2,4,4,4,2,4,2,0,2,4,2,2,4,2,0]"
A4,A4-P216,721,"[0,4,6,7,9]",12,1,[5],"[5,1,1,1,3,2,1,1]","[5,1,1,1,3,2,1,1,0,0,1,0,1,0,1,0,0,0,1,0,1,1,0,1,1,0,1,1,0]"
A4,A4-P217,723,"[0,1,4,6,7,9]",12,1,[6],"[6,2,2,2,4,3,1,1]","[6,2,2,2,4,3,1,1,0,1,2,1,2,0,1,1,0,0,3,1,1,1,1,1,1,0,1,2,0]"
A4,A4-P218,725,"[0,2,4,6,7,9]",12,1,[6],"[6,2,2,2,3,2,2,2]","[6,2,2,2,3,2,2,2,0,1,1,1,1,1,1,0,1,1,1,1,1,1,1,4,1,0,1,1,0]"
A4,A4-P219,726,"[1,2,4,6,7,9]",6,2,[6],"[6,2,3,2,2,2,2,2]","[6,2,3,2,2,2,2,2,0,2,2,0,0,0,2,0,2,0,2,2,0,0,2,4,0,0,0,2,0]"
A4,A4-P220,727,"[0,1,2,4,6,7,9]",12,1,[7],"[7,4,3,3,4,3,2,2]","[7,4,3,3,4,3,2,2,1,3,3,2,2,1,2,1,2,1,3,2,1,1,2,4,1,0,1,2,0]"
A4,A4-P221,729,"[0,3,4,6,7,9]",12,1,[6],"[6,2,2,2,3,4,1,1]","[6,2,2,2,3,4,1,1,0,1,2,0,2,0,1,1,0,1,2,2,1,1,0,1,2,0,1,1,1]"
A4,A4-P222,730,"[1,3,4,6,7,9]",12,1,[6],"[6,2,2,3,2,4,1,1]","[6,2,2,3,2,4,1,1,0,2,1,0,1,0,1,2,0,1,2,2,1,0,1,1,1,1,0,2,1]"
A4,A4-P223,731,"[0,1,3,4,6,7,9]",12,1,[7],"[7,3,3,4,4,5,1,1]","[7,3,3,4,4,5,1,1,0,3,3,1,3,0,1,3,0,1,4,4,2,1,1,1,2,1,1,2,1]"
A4,A4-P224,732,"[2,3,4,6,7,9]",12,1,[6],"[6,2,2,2,2,3,2,2]","[6,2,2,2,2,3,2,2,0,1,1,0,1,1,1,1,1,1,1,1,1,0,1,4,1,0,1,1,1]"
A4,A4-P225,733,"[0,2,3,4,6,7,9]",12,1,[7],"[7,3,3,3,4,4,2,2]","[7,3,3,3,4,4,2,2,0,2,3,1,2,2,1,1,1,2,3,3,2,1,1,4,2,0,2,1,1]"
A4,A4-P226,734,"[1,2,3,4,6,7,9]",12,1,[7],"[7,3,3,4,3,4,2,2]","[7,3,3,4,3,4,2,2,0,3,2,1,1,1,2,2,2,1,3,3,2,0,2,4,1,1,1,2,1]"
A4,A4-P227,735,"[0,1,2,3,4,6,7,9]",12,1,[8],"[8,5,4,5,5,5,2,2]","[8,5,4,5,5,5,2,2,1,5,5,3,3,2,2,3,2,2,5,5,3,1,2,4,2,1,2,2,1]"
A4,A4-P228,737,"[0,5,6,7,9]",12,1,[5],"[5,1,0,3,2,2,2,0]","[5,1,0,3,2,2,2,0,0,0,0,0,1,1,1,0,0,0,0,0,2,0,2,0,2,1,0,0,0]"
A4,A4-P229,738,"[1,5,6,7,9]",12,1,[5],"[5,1,1,2,2,1,2,1]","[5,1,1,2,2,1,2,1,0,1,0,0,0,1,1,0,0,0,1,0,0,0,2,1,1,0,2,0,0]"
A4,A4-P230,739,"[0,1,5,6,7,9]",12,1,[6],"[6,2,1,4,3,2,2,1]","[6,2,1,4,3,2,2,1,0,1,1,1,1,1,1,1,1,0,1,0,2,0,3,1,2,1,2,0,0]"
A4,A4-P231,741,"[0,2,5,6,7,9]",12,1,[6],"[6,2,1,4,2,3,2,1]","[6,2,1,4,2,3,2,1,0,1,0,1,1,1,1,1,1,1,0,2,2,0,2,1,3,1,0,1,0]"
A4,A4-P232,742,"[1,2,5,6,7,9]",12,1,[6],"[6,2,2,3,2,2,2,2]","[6,2,2,3,2,2,2,2,0,2,1,0,0,1,1,0,2,1,1,2,0,0,2,2,2,0,2,1,0]"
A4,A4-P233,743,"[0,1,2,5,6,7,9]",12,1,[7],"[7,4,2,5,3,3,2,2]","[7,4,2,5,3,3,2,2,1,3,2,2,1,1,1,2,3,2,1,2,2,0,3,2,3,1,2,1,0]"
A4,A4-P234,745,"[0,3,5,6,7,9]",12,1,[6],"[6,2,1,4,2,4,2,0]","[6,2,1,4,2,4,2,0,0,1,0,1,1,1,2,2,0,0,1,2,2,0,2,0,3,1,0,0,1]"
A4,A4-P235,746,"[1,3,5,6,7,9]",12,1,[6],"[6,2,1,4,2,3,2,1]","[6,2,1,4,2,3,2,1,0,1,0,1,0,1,2,2,1,0,1,1,1,0,2,1,2,1,2,0,1]"
A4,A4-P236,747,"[0,1,3,5,6,7,9]",12,1,[7],"[7,3,2,6,3,4,2,1]","[7,3,2,6,3,4,2,1,0,3,1,2,1,1,2,3,2,0,2,3,3,0,3,1,3,2,2,0,1]"
A4,A4-P237,748,"[2,3,5,6,7,9]",12,1,[6],"[6,2,1,3,2,4,2,1]","[6,2,1,3,2,4,2,1,0,0,0,1,1,1,2,2,1,0,1,2,1,0,1,1,3,0,1,1,1]"
A4,A4-P238,749,"[0,2,3,5,6,7,9]",12,1,[7],"[7,3,2,5,3,5,2,1]","[7,3,2,5,3,5,2,1,0,2,1,2,2,1,2,3,1,1,2,4,3,0,2,1,4,1,1,1,1]"
A4,A4-P239,750,"[1,2,3,5,6,7,9]",12,1,[7],"[7,3,2,5,3,4,2,2]","[7,3,2,5,3,4,2,2,0,2,1,2,1,1,2,2,3,1,2,3,2,0,2,2,3,1,3,1,1]"
A4,A4-P240,751,"[0,1,2,3,5,6,7,9]",12,1,[8],"[8,5,3,7,4,5,2,2]","[8,5,3,7,4,5,2,2,1,5,3,4,2,1,2,4,4,2,3,5,4,0,3,2,4,2,3,1,1]"
A4,A4-P241,753,"[0,4,5,6,7,9]",12,1,[6],"[6,2,1,3,4,2,2,1]","[6,2,1,3,4,2,2,1,0,0,2,1,1,2,1,0,1,0,1,0,2,1,2,1,2,1,1,1,0]"
A4,A4-P242,754,"[1,4,5,6,7,9]",12,1,[6],"[6,2,2,2,3,2,2,2]","[6,2,2,2,3,2,2,2,0,1,2,0,0,2,1,0,1,1,2,1,0,0,2,2,1,0,2,2,0]"
A4,A4-P243,755,"[0,1,4,5,6,7,9]",12,1,[7],"[7,3,2,4,5,3,2,2]","[7,3,2,4,5,3,2,2,0,1,3,2,2,2,1,1,2,1,3,1,2,1,3,2,2,1,3,2,0]"
A4,A4-P244,756,"[2,4,5,6,7,9]",6,2,[6],"[6,2,2,2,2,2,3,2]","[6,2,2,2,2,2,3,2,0,0,2,0,0,2,2,0,2,0,0,2,0,0,2,4,2,0,0,2,0]"
A4,A4-P245,757,"[0,2,4,5,6,7,9]",12,1,[7],"[7,3,2,4,4,3,3,2]","[7,3,2,4,4,3,3,2,0,1,2,2,1,3,2,1,2,1,1,2,2,1,3,4,3,1,1,2,0]"
A4,A4-P246,758,"[1,2,4,5,6,7,9]",12,1,[7],"[7,3,3,3,3,3,3,3]","[7,3,3,3,3,3,3,3,0,2,3,0,0,2,3,0,3,2,2,3,0,0,3,5,2,0,2,3,0]"
A4,A4-P247,759,"[0,1,2,4,5,6,7,9]",12,1,[8],"[8,5,3,5,5,4,3,3]","[8,5,3,5,5,4,3,3,1,3,4,3,2,3,3,2,4,3,3,3,2,1,4,5,3,1,3,3,0]"
A4,A4-P248,761,"[0,3,4,5,6,7,9]",12,1,[7],"[7,4,2,4,4,4,2,1]","[7,4,2,4,4,4,2,1,1,2,3,2,2,2,2,2,1,1,2,2,2,1,2,1,3,1,1,1,1]"
A4,A4-P249,762,"[1,3,4,5,6,7,9]",12,1,[7],"[7,4,2,4,3,4,2,2]","[7,4,2,4,3,4,2,2,1,2,2,1,1,2,2,3,2,2,2,2,1,0,2,2,2,1,2,2,1]"
A4,A4-P250,763,"[0,1,3,4,5,6,7,9]",12,1,[8],"[8,5,3,6,5,5,2,2]","[8,5,3,6,5,5,2,2,1,4,4,3,3,2,2,4,3,2,4,4,3,1,3,2,3,2,3,2,1]"
A4,A4-P251,764,"[2,3,4,5,6,7,9]",12,1,[7],"[7,4,2,3,3,4,3,2]","[7,4,2,3,3,4,3,2,1,1,2,1,2,3,3,2,2,1,1,2,1,0,2,4,3,0,1,2,1]"
A4,A4-P252,765,"[0,2,3,4,5,6,7,9]",12,1,[8],"[8,5,3,5,5,5,3,2]","[8,5,3,5,5,5,3,2,1,3,4,3,3,4,3,3,2,2,3,4,3,1,3,4,4,1,2,2,1]"
A4,A4-P253,766,"[1,2,3,4,5,6,7,9]",12,1,[8],"[8,5,3,5,4,5,3,3]","[8,5,3,5,4,5,3,3,1,3,3,2,2,3,4,3,4,3,3,4,2,0,3,5,3,1,3,3,1]"
A4,A4-P254,767,"[0,1,2,3,4,5,6,7,9]",12,1,[9],"[9,7,4,7,6,6,3,3]","[9,7,4,7,6,6,3,3,2,6,6,5,4,4,4,5,5,4,5,6,4,1,4,5,4,2,4,3,1]"
A4,A4-P255,787,"[0,1,4,8,9]",12,1,[5],"[5,1,0,2,4,1,1,1]","[5,1,0,2,4,1,1,1,0,0,0,1,1,1,0,0,0,0,0,0,1,1,2,0,0,0,2,1,0]"
A4,A4-P256,791,"[0,1,2,4,8,9]",12,1,[6],"[6,3,1,2,4,2,2,1]","[6,3,1,2,4,2,2,1,1,1,1,1,2,2,2,0,0,0,1,0,1,1,2,1,1,0,2,1,0]"
A4,A4-P257,794,"[1,3,4,8,9]",12,1,[5],"[5,1,0,2,3,2,0,2]","[5,1,0,2,3,2,0,2,0,0,0,0,0,0,0,1,1,1,0,0,2,1,0,0,0,0,2,2,0]"
A4,A4-P258,795,"[0,1,3,4,8,9]",12,1,[6],"[6,2,1,3,4,2,1,2]","[6,2,1,3,4,2,1,2,0,1,1,1,1,1,0,1,1,1,0,1,2,1,2,1,0,0,3,2,0]"
A4,A4-P259,798,"[1,2,3,4,8,9]",12,1,[6],"[6,2,1,2,4,3,1,2]","[6,2,1,2,4,3,1,2,0,0,1,1,1,1,1,1,1,1,2,0,2,1,0,1,1,0,2,3,0]"
A4,A4-P260,799,"[0,1,2,3,4,8,9]",12,1,[7],"[7,4,2,3,5,3,2,2]","[7,4,2,3,5,3,2,2,1,2,3,2,2,3,2,1,1,1,2,1,2,1,2,2,1,0,3,3,0]"
A4,A4-P261,811,"[0,1,3,5,8,9]",12,1,[6],"[6,2,1,4,3,2,1,2]","[6,2,1,4,3,2,1,2,0,2,0,1,0,1,0,1,2,1,0,1,2,1,1,1,1,1,2,2,0]"
A4,A4-P262,814,"[1,2,3,5,8,9]",12,1,[6],"[6,2,1,2,4,4,0,2]","[6,2,1,2,4,4,0,2,0,0,1,1,2,0,0,1,1,2,2,1,2,1,0,0,0,0,2,3,1]"
A4,A4-P263,815,"[0,1,2,3,5,8,9]",12,1,[7],"[7,4,2,4,4,4,1,2]","[7,4,2,4,4,4,1,2,1,3,2,2,2,1,1,2,2,2,2,2,2,1,1,1,1,1,2,3,1]"
A4,A4-P264,819,"[0,1,4,5,8,9]",12,1,[6],"[6,2,0,4,4,2,1,2]","[6,2,0,4,4,2,1,2,0,0,0,2,1,1,0,1,2,1,0,0,2,1,2,0,1,1,3,2,0]"
A4,A4-P265,822,"[1,2,4,5,8,9]",12,1,[6],"[6,2,1,2,3,4,1,2]","[6,2,1,2,3,4,1,2,0,0,1,0,1,0,2,1,1,2,1,1,2,1,0,1,1,0,2,2,1]"
A4,A4-P266,823,"[0,1,2,4,5,8,9]",12,1,[7],"[7,4,1,4,4,4,2,2]","[7,4,1,4,4,4,2,2,1,1,1,2,2,2,3,2,2,2,1,1,2,1,2,1,2,1,3,2,1]"
A4,A4-P267,826,"[1,3,4,5,8,9]",4,3,[6],"[6,3,0,3,3,3,0,3]","[6,3,0,3,3,3,0,3,1,0,0,0,0,0,0,3,3,3,0,0,3,1,0,0,0,0,3,3,0]"
A4,A4-P268,827,"[0,1,3,4,5,8,9]",12,1,[7],"[7,4,1,5,4,3,1,3]","[7,4,1,5,4,3,1,3,1,2,1,2,1,1,0,3,4,3,0,1,3,1,2,1,1,1,4,3,0]"
A4,A4-P269,830,"[1,2,3,4,5,8,9]",12,1,[7],"[7,4,1,3,4,5,1,3]","[7,4,1,3,4,5,1,3,1,0,1,1,2,1,2,3,3,4,2,1,3,1,0,1,1,0,3,4,1]"
A4,A4-P270,831,"[0,1,2,3,4,5,8,9]",12,1,[8],"[8,6,2,5,5,5,2,3]","[8,6,2,5,5,5,2,3,2,3,3,3,3,3,3,4,4,4,2,2,3,1,2,2,2,1,4,4,1]"
A4,A4-P271,851,"[0,1,4,6,8,9]",6,2,[6],"[6,2,1,2,6,2,1,1]","[6,2,1,2,6,2,1,1,0,0,2,2,2,2,0,0,0,0,2,0,2,2,2,0,0,0,2,2,0]"
A4,A4-P272,853,"[0,2,4,6,8,9]",12,1,[6],"[6,2,1,3,4,2,2,1]","[6,2,1,3,4,2,2,1,0,1,0,2,1,2,1,1,0,0,1,1,1,1,3,1,1,0,2,1,0]"
A4,A4-P273,855,"[0,1,2,4,6,8,9]",12,1,[7],"[7,4,2,3,6,3,2,1]","[7,4,2,3,6,3,2,1,1,2,3,3,3,3,2,1,0,0,3,1,2,2,3,1,1,0,2,2,0]"
A4,A4-P274,857,"[0,3,4,6,8,9]",12,1,[6],"[6,2,1,2,4,3,1,2]","[6,2,1,2,4,3,1,2,0,0,1,1,2,1,0,0,1,2,1,1,1,1,2,1,0,0,2,2,1]"
A4,A4-P275,859,"[0,1,3,4,6,8,9]",12,1,[7],"[7,3,2,3,6,4,1,2]","[7,3,2,3,6,4,1,2,0,1,3,2,3,2,0,1,1,2,3,2,3,2,2,1,0,0,3,3,1]"
A4,A4-P276,860,"[2,3,4,6,8,9]",12,1,[6],"[6,2,1,2,3,4,1,2]","[6,2,1,2,3,4,1,2,0,0,0,1,2,1,0,1,1,2,2,1,1,0,1,1,1,0,1,3,1]"
A4,A4-P277,861,"[0,2,3,4,6,8,9]",12,1,[7],"[7,3,2,3,5,4,2,2]","[7,3,2,3,5,4,2,2,0,1,2,2,2,3,1,1,1,2,3,2,2,1,3,2,1,0,2,3,1]"
A4,A4-P278,862,"[1,2,3,4,6,8,9]",12,1,[7],"[7,3,2,3,5,5,1,2]","[7,3,2,3,5,5,1,2,0,1,2,2,3,1,1,2,1,2,4,2,3,1,1,1,1,0,2,4,1]"
A4,A4-P279,863,"[0,1,2,3,4,6,8,9]",12,1,[8],"[8,5,3,4,7,5,2,2]","[8,5,3,4,7,5,2,2,1,3,5,4,4,4,2,2,1,2,5,3,4,2,3,2,1,0,3,4,1]"
A4,A4-P280,873,"[0,3,5,6,8,9]",12,1,[6],"[6,2,1,3,2,4,2,1]","[6,2,1,3,2,4,2,1,0,1,0,0,1,1,2,1,0,2,1,1,2,0,2,1,2,1,0,1,1]"
A4,A4-P281,875,"[0,1,3,5,6,8,9]",12,1,[7],"[7,3,2,4,4,4,2,2]","[7,3,2,4,4,4,2,2,0,2,2,1,1,2,2,1,2,2,2,2,3,1,2,2,2,1,2,2,1]"
A4,A4-P282,876,"[2,3,5,6,8,9]",6,2,[6],"[6,2,1,2,2,6,1,1]","[6,2,1,2,2,6,1,1,0,0,0,0,2,0,2,2,0,2,2,2,2,0,0,0,2,0,0,2,2]"
A4,A4-P283,877,"[0,2,3,5,6,8,9]",12,1,[7],"[7,3,2,4,3,6,2,1]","[7,3,2,4,3,6,2,1,0,2,1,1,2,1,3,3,0,2,3,3,3,0,2,1,3,1,0,2,2]"
A4,A4-P284,878,"[1,2,3,5,6,8,9]",12,1,[7],"[7,3,2,3,4,6,1,2]","[7,3,2,3,4,6,1,2,0,1,2,1,3,0,2,2,1,3,3,3,3,1,0,1,2,0,2,3,2]"
A4,A4-P285,879,"[0,1,2,3,5,6,8,9]",12,1,[8],"[8,5,3,5,5,6,2,2]","[8,5,3,5,5,6,2,2,1,4,4,3,3,2,3,3,2,3,4,4,4,1,2,2,3,1,2,3,2]"
A4,A4-P286,881,"[0,4,5,6,8,9]",12,1,[6],"[6,2,0,4,4,2,2,1]","[6,2,0,4,4,2,2,1,0,0,0,2,1,2,1,1,1,0,0,0,2,1,3,0,2,1,2,1,0]"
A4,A4-P287,883,"[0,1,4,5,6,8,9]",12,1,[7],"[7,3,1,4,6,3,2,2]","[7,3,1,4,6,3,2,2,0,0,2,3,2,3,1,1,2,1,2,0,3,2,3,1,2,1,3,3,0]"
A4,A4-P288,885,"[0,2,4,5,6,8,9]",12,1,[7],"[7,3,1,5,4,4,3,1]","[7,3,1,5,4,4,3,1,0,1,0,3,1,3,3,3,1,0,1,2,2,1,4,1,4,1,2,1,1]"
A4,A4-P289,886,"[1,2,4,5,6,8,9]",12,1,[7],"[7,3,2,3,4,5,2,2]","[7,3,2,3,4,5,2,2,0,1,2,1,2,1,3,2,1,2,3,2,2,1,1,2,3,0,2,3,1]"
A4,A4-P290,887,"[0,1,2,4,5,6,8,9]",12,1,[8],"[8,5,2,5,6,5,3,2]","[8,5,2,5,6,5,3,2,1,2,3,4,3,4,4,3,2,2,3,2,3,2,4,2,4,1,3,3,1]"
A4,A4-P291,889,"[0,3,4,5,6,8,9]",12,1,[7],"[7,4,1,4,4,4,2,2]","[7,4,1,4,4,4,2,2,1,1,1,2,2,2,2,2,2,3,1,1,2,1,3,1,2,1,2,2,1]"
A4,A4-P292,891,"[0,1,3,4,5,6,8,9]",12,1,[8],"[8,5,2,5,6,5,2,3]","[8,5,2,5,6,5,2,3,1,2,3,3,3,3,2,3,4,4,3,2,4,2,3,2,2,1,4,4,1]"
A4,A4-P293,892,"[2,3,4,5,6,8,9]",12,1,[7],"[7,4,1,3,3,6,2,2]","[7,4,1,3,3,6,2,2,1,0,0,1,3,2,3,3,2,3,2,2,2,0,1,1,3,0,1,3,2]"
A4,A4-P294,893,"[0,2,3,4,5,6,8,9]",12,1,[8],"[8,5,2,5,5,6,3,2]","[8,5,2,5,5,6,3,2,1,2,2,3,3,4,4,4,2,3,3,3,3,1,4,2,4,1,2,3,2]"
A4,A4-P295,894,"[1,2,3,4,5,6,8,9]",12,1,[8],"[8,5,2,4,5,7,2,3]","[8,5,2,4,5,7,2,3,1,1,2,2,4,2,4,4,3,5,4,3,4,1,1,2,3,0,3,5,2]"
A4,A4-P296,895,"[0,1,2,3,4,5,6,8,9]",12,1,[9],"[9,7,3,6,7,7,3,3]","[9,7,3,6,7,7,3,3,2,4,5,5,5,5,5,5,4,5,5,4,5,2,4,3,4,1,4,5,2]"
A4,A4-P297,917,"[0,2,4,7,8,9]",6,2,[6],"[6,2,2,2,2,2,3,2]","[6,2,2,2,2,2,3,2,0,2,0,0,0,2,2,0,0,2,2,0,0,0,2,4,2,0,2,0,0]"
A4,A4-P298,919,"[0,1,2,4,7,8,9]",12,1,[7],"[7,4,2,3,4,3,3,2]","[7,4,2,3,4,3,3,2,1,2,1,2,2,3,3,1,1,2,2,1,1,1,3,4,2,0,2,1,0]"
A4,A4-P299,923,"[0,1,3,4,7,8,9]",12,1,[7],"[7,3,2,5,4,3,2,2]","[7,3,2,5,4,3,2,2,0,3,1,2,1,2,1,2,2,1,1,3,2,1,3,2,2,1,3,2,0]"
A4,A4-P300,924,"[2,3,4,7,8,9]",6,2,[6],"[6,2,2,2,2,2,2,3]","[6,2,2,2,2,2,2,3,0,2,0,0,0,2,0,0,2,2,2,0,0,0,0,4,2,0,2,2,0]"
A4,A4-P301,925,"[0,2,3,4,7,8,9]",12,1,[7],"[7,3,3,3,3,3,3,3]","[7,3,3,3,3,3,3,3,0,3,2,0,0,3,2,0,2,3,3,2,0,0,2,5,3,0,3,2,0]"
A4,A4-P302,926,"[1,2,3,4,7,8,9]",12,1,[7],"[7,3,2,4,4,3,2,3]","[7,3,2,4,4,3,2,3,0,2,1,2,1,2,1,1,3,2,2,1,2,1,1,4,2,1,3,3,0]"
A4,A4-P303,927,"[0,1,2,3,4,7,8,9]",12,1,[8],"[8,5,3,5,5,4,3,3]","[8,5,3,5,5,4,3,3,1,4,3,3,2,4,3,2,3,3,3,3,2,1,3,5,3,1,4,3,0]"
A4,A4-P304,939,"[0,1,3,5,7,8,9]",12,1,[7],"[7,3,1,6,4,3,2,2]","[7,3,1,6,4,3,2,2,0,2,0,3,1,2,1,2,3,1,0,2,3,1,3,1,3,2,3,2,0]"
A4,A4-P305,941,"[0,2,3,5,7,8,9]",12,1,[7],"[7,3,2,4,3,5,2,2]","[7,3,2,4,3,5,2,2,0,2,1,1,2,1,2,2,1,3,2,3,2,0,2,2,3,1,1,3,1]"
A4,A4-P306,942,"[1,2,3,5,7,8,9]",12,1,[7],"[7,3,1,4,5,4,1,3]","[7,3,1,4,5,4,1,3,0,0,1,3,3,1,0,1,3,3,2,1,2,1,2,1,1,1,4,4,1]"
A4,A4-P307,943,"[0,1,2,3,5,7,8,9]",12,1,[8],"[8,5,2,6,5,5,2,3]","[8,5,2,6,5,5,2,3,1,3,2,4,3,2,2,3,4,4,2,3,3,1,3,2,3,2,4,4,1]"
A4,A4-P308,947,"[0,1,4,5,7,8,9]",12,1,[7],"[7,3,1,5,5,3,2,2]","[7,3,1,5,5,3,2,2,0,1,1,3,2,2,1,2,2,1,1,1,3,1,4,1,2,1,4,2,0]"
A4,A4-P309,949,"[0,2,4,5,7,8,9]",12,1,[7],"[7,3,2,4,3,4,3,2]","[7,3,2,4,3,4,3,2,0,2,1,1,1,2,3,2,1,2,2,1,2,0,3,4,3,1,2,1,1]"
A4,A4-P310,950,"[1,2,4,5,7,8,9]",12,1,[7],"[7,3,2,3,4,4,2,3]","[7,3,2,3,4,4,2,3,0,1,2,1,2,1,2,1,2,3,1,2,2,1,2,4,1,0,3,3,1]"
A4,A4-P311,951,"[0,1,2,4,5,7,8,9]",12,1,[8],"[8,5,2,5,5,5,3,3]","[8,5,2,5,5,5,3,3,1,2,2,3,3,3,4,3,3,4,2,2,3,1,4,4,3,1,4,3,1]"
A4,A4-P312,955,"[0,1,3,4,5,7,8,9]",12,1,[8],"[8,5,2,7,5,4,2,3]","[8,5,2,7,5,4,2,3,1,4,2,4,2,2,1,4,5,3,1,3,4,1,4,2,3,2,5,3,0]"
A4,A4-P313,956,"[2,3,4,5,7,8,9]",12,1,[7],"[7,4,2,3,3,4,2,3]","[7,4,2,3,3,4,2,3,1,2,1,1,2,2,1,2,3,3,2,1,1,0,1,4,2,0,2,3,1]"
A4,A4-P314,957,"[0,2,3,4,5,7,8,9]",12,1,[8],"[8,5,3,5,4,5,3,3]","[8,5,3,5,4,5,3,3,1,4,3,2,2,3,3,3,3,4,3,3,2,0,3,5,4,1,3,3,1]"
A4,A4-P315,958,"[1,2,3,4,5,7,8,9]",12,1,[8],"[8,5,2,5,5,5,2,4]","[8,5,2,5,5,5,2,4,1,2,2,3,3,2,2,3,5,5,2,2,3,1,2,4,2,1,5,5,1]"
A4,A4-P316,959,"[0,1,2,3,4,5,7,8,9]",12,1,[9],"[9,7,3,7,6,6,3,4]","[9,7,3,7,6,6,3,4,2,5,4,5,4,4,4,5,6,6,3,4,4,1,4,5,4,2,6,5,1]"
A4,A4-P317,983,"[0,1,2,4,6,7,8,9]",6,2,[8],"[8,6,3,4,6,4,3,2]","[8,6,3,4,6,4,3,2,2,4,4,4,4,4,4,2,2,2,4,2,2,2,4,4,2,0,2,2,0]"
A4,A4-P318,985,"[0,3,4,6,7,8,9]",12,1,[7],"[7,4,2,3,4,4,2,2]","[7,4,2,3,4,4,2,2,1,2,2,1,3,2,2,1,2,2,2,2,1,1,2,2,2,0,2,2,1]"
A4,A4-P319,987,"[0,1,3,4,6,7,8,9]",12,1,[8],"[8,5,3,5,6,5,2,2]","[8,5,3,5,6,5,2,2,1,4,4,3,4,3,2,3,2,2,4,4,3,2,3,2,2,1,3,3,1]"
A4,A4-P320,989,"[0,2,3,4,6,7,8,9]",12,1,[8],"[8,5,3,4,5,5,3,3]","[8,5,3,4,5,5,3,3,1,3,3,2,3,4,3,2,3,4,4,3,2,1,3,5,3,0,3,3,1]"
A4,A4-P321,990,"[1,2,3,4,6,7,8,9]",12,1,[8],"[8,5,3,5,5,5,2,3]","[8,5,3,5,5,5,2,3,1,4,3,3,3,2,2,3,4,3,4,3,3,1,2,4,2,1,3,4,1]"
A4,A4-P322,991,"[0,1,2,3,4,6,7,8,9]",12,1,[9],"[9,7,4,6,7,6,3,3]","[9,7,4,6,7,6,3,3,2,6,6,5,5,5,4,4,4,4,6,5,4,2,4,5,3,1,4,4,1]"
A4,A4-P323,993,"[0,5,6,7,8,9]",4,3,[6],"[6,3,0,3,3,3,3,0]","[6,3,0,3,3,3,3,0,1,0,0,0,3,3,3,0,0,0,0,0,3,0,3,0,3,1,0,0,0]"
A4,A4-P324,995,"[0,1,5,6,7,8,9]",12,1,[7],"[7,4,1,4,5,3,3,1]","[7,4,1,4,5,3,3,1,1,1,2,2,3,4,3,1,1,0,1,0,3,1,4,1,3,1,2,1,0]"
A4,A4-P325,997,"[0,2,5,6,7,8,9]",12,1,[7],"[7,4,1,4,3,5,3,1]","[7,4,1,4,3,5,3,1,1,1,0,1,3,3,4,2,1,2,1,2,3,0,3,1,4,1,0,1,1]"
A4,A4-P326,999,"[0,1,2,5,6,7,8,9]",12,1,[8],"[8,6,2,5,5,5,3,2]","[8,6,2,5,5,5,3,2,2,3,3,3,4,4,4,3,3,3,2,2,3,1,4,2,4,1,2,2,1]"
A4,A4-P327,1003,"[0,1,3,5,6,7,8,9]",12,1,[8],"[8,5,2,6,5,5,3,2]","[8,5,2,6,5,5,3,2,1,3,2,3,3,4,4,3,3,2,2,3,4,1,4,2,4,2,3,2,1]"
A4,A4-P328,1005,"[0,2,3,5,6,7,8,9]",12,1,[8],"[8,5,2,5,4,7,3,2]","[8,5,2,5,4,7,3,2,1,2,1,2,4,3,5,4,2,4,3,4,4,0,3,2,5,1,1,3,2]"
A4,A4-P329,1006,"[1,2,3,5,6,7,8,9]",12,1,[8],"[8,5,2,5,5,6,2,3]","[8,5,2,5,5,6,2,3,1,2,2,3,4,2,3,3,4,4,3,3,3,1,2,2,3,1,4,4,2]"
A4,A4-P330,1007,"[0,1,2,3,5,6,7,8,9]",12,1,[9],"[9,7,3,7,6,7,3,3]","[9,7,3,7,6,7,3,3,2,5,4,5,5,4,5,5,5,5,4,5,5,1,4,3,5,2,4,4,2]"
A4,A4-P331,1011,"[0,1,4,5,6,7,8,9]",12,1,[8],"[8,5,2,5,7,4,3,2]","[8,5,2,5,7,4,3,2,1,2,4,4,4,5,3,2,2,1,3,1,4,2,5,2,3,1,4,3,0]"
A4,A4-P332,1013,"[0,2,4,5,6,7,8,9]",12,1,[8],"[8,5,2,5,5,5,4,2]","[8,5,2,5,5,5,4,2,1,2,2,3,3,5,5,3,2,2,2,2,3,1,5,4,5,1,2,2,1]"
A4,A4-P333,1014,"[1,2,4,5,6,7,8,9]",12,1,[8],"[8,5,3,4,5,5,3,3]","[8,5,3,4,5,5,3,3,1,3,4,2,3,3,4,2,3,3,3,3,2,1,3,5,3,0,3,4,1]"
A4,A4-P334,1015,"[0,1,2,4,5,6,7,8,9]",12,1,[9],"[9,7,3,6,7,6,4,3]","[9,7,3,6,7,6,4,3,2,4,5,5,5,6,6,4,4,4,4,3,4,2,6,5,5,1,4,4,1]"
A4,A4-P335,1019,"[0,1,3,4,5,6,7,8,9]",12,1,[9],"[9,7,3,7,7,6,3,3]","[9,7,3,7,7,6,3,3,2,5,5,5,5,5,4,5,5,4,4,4,5,2,5,3,4,2,5,4,1]"
A4,A4-P336,1020,"[2,3,4,5,6,7,8,9]",6,2,[8],"[8,6,2,4,4,6,3,3]","[8,6,2,4,4,6,3,3,2,2,2,2,4,4,4,4,4,4,2,2,2,0,2,4,4,0,2,4,2]"
A4,A4-P337,1021,"[0,2,3,4,5,6,7,8,9]",12,1,[9],"[9,7,3,6,6,7,4,3]","[9,7,3,6,6,7,4,3,2,4,4,4,5,6,6,5,4,5,4,4,4,1,5,5,6,1,3,4,2]"
A4,A4-P338,1022,"[1,2,3,4,5,6,7,8,9]",12,1,[9],"[9,7,3,6,6,7,3,4]","[9,7,3,6,6,7,3,4,2,4,4,4,5,4,5,5,6,6,4,4,4,1,3,5,4,1,5,6,2]"
A4,A4-P339,1023,"[0,1,2,3,4,5,6,7,8,9]",12,1,[10],"[10,9,4,8,8,8,4,4]","[10,9,4,8,8,8,4,4,3,7,7,7,7,7,7,7,7,7,6,6,6,2,6,6,6,2,6,6,2]"
A4,A4-P340,1755,"[0,1,3,4,6,7,9,10]",12,1,[8],"[8,4,3,5,5,7,2,2]","[8,4,3,5,5,7,2,2,0,3,3,2,4,1,3,4,1,3,5,5,4,1,2,2,4,1,2,4,2]"
A4,A4-P341,1757,"[0,2,3,4,6,7,9,10]",6,2,[8],"[8,4,3,4,6,6,2,3]","[8,4,3,4,6,6,2,3,0,2,4,2,4,2,2,2,2,4,4,4,4,2,2,4,2,0,4,4,2]"
A4,A4-P342,1758,"[1,2,3,4,6,7,9,10]",12,1,[8],"[8,4,3,5,5,5,3,3]","[8,4,3,5,5,5,3,3,0,3,3,2,2,3,3,2,3,3,3,4,3,1,4,5,3,1,3,4,1]"
A4,A4-P343,1759,"[0,1,2,3,4,6,7,9,10]",12,1,[9],"[9,6,4,6,7,7,3,3]","[9,6,4,6,7,7,3,3,1,5,6,4,5,4,4,4,3,4,6,6,5,2,4,5,4,1,4,5,2]"
A4,A4-P344,1771,"[0,1,3,5,6,7,9,10]",6,2,[8],"[8,4,3,6,4,6,3,2]","[8,4,3,6,4,6,3,2,0,4,2,2,2,2,4,4,2,2,4,4,4,0,4,4,4,2,2,2,2]"
A4,A4-P345,1774,"[1,2,3,5,6,7,9,10]",12,1,[8],"[8,4,3,5,5,5,3,3]","[8,4,3,5,5,5,3,3,0,3,3,2,2,3,3,2,3,3,4,3,3,1,3,5,4,1,4,3,1]"
A4,A4-P346,1775,"[0,1,2,3,5,6,7,9,10]",12,1,[9],"[9,6,4,7,6,7,3,3]","[9,6,4,7,6,7,3,3,1,6,5,4,4,3,4,5,4,4,6,6,5,1,4,5,5,2,4,4,2]"
A4,A4-P347,1782,"[1,2,4,5,6,7,9,10]",3,4,[8],"[8,4,4,4,4,4,4,4]","[8,4,4,4,4,4,4,4,0,4,4,0,0,4,4,0,4,4,4,4,0,0,4,8,4,0,4,4,0]"
A4,A4-P348,1783,"[0,1,2,4,5,6,7,9,10]",12,1,[9],"[9,6,4,6,6,6,4,4]","[9,6,4,6,6,6,4,4,1,5,5,3,3,5,5,3,5,5,5,5,3,1,5,8,5,1,5,5,1]"
A4,A4-P349,1791,"[0,1,2,3,4,5,6,7,9,10]",6,2,[10],"[10,8,5,8,8,8,4,4]","[10,8,5,8,8,8,4,4,2,8,8,6,6,6,6,6,6,6,8,8,6,2,6,8,6,2,6,6,2]"
A4,A4-P350,1883,"[0,1,3,4,6,8,9,10]",12,1,[8],"[8,4,2,5,7,5,2,3]","[8,4,2,5,7,5,2,3,0,1,3,4,4,3,1,2,3,3,4,2,4,2,4,2,2,1,5,5,1]"
A4,A4-P351,1887,"[0,1,2,3,4,6,8,9,10]",4,3,[9],"[9,6,3,6,9,6,3,3]","[9,6,3,6,9,6,3,3,1,3,6,6,6,6,3,3,3,3,6,3,6,3,6,3,3,1,6,6,1]"
A4,A4-P352,1907,"[0,1,4,5,6,8,9,10]",6,2,[8],"[8,4,2,6,6,4,3,3]","[8,4,2,6,6,4,3,3,0,2,2,4,2,4,2,2,4,2,2,2,4,2,4,4,4,2,4,4,0]"
A4,A4-P353,1909,"[0,2,4,5,6,8,9,10]",12,1,[8],"[8,4,2,7,5,5,3,2]","[8,4,2,7,5,5,3,2,0,3,1,4,2,3,3,4,3,1,2,4,4,1,5,2,5,2,4,2,1]"
A4,A4-P354,1911,"[0,1,2,4,5,6,8,9,10]",12,1,[9],"[9,6,3,7,7,6,4,3]","[9,6,3,7,7,6,4,3,1,4,4,5,4,6,5,4,4,3,4,4,5,2,6,5,6,2,5,4,1]"
A4,A4-P355,1915,"[0,1,3,4,5,6,8,9,10]",12,1,[9],"[9,6,3,7,7,6,3,4]","[9,6,3,7,7,6,3,4,1,4,4,5,4,4,3,4,6,5,4,4,5,2,5,5,4,2,6,6,1]"
A4,A4-P356,1917,"[0,2,3,4,5,6,8,9,10]",12,1,[9],"[9,6,3,7,7,7,3,3]","[9,6,3,7,7,7,3,3,1,4,4,5,5,4,4,5,4,4,5,5,5,2,5,3,5,2,5,5,2]"
A4,A4-P357,1918,"[1,2,3,4,5,6,8,9,10]",12,1,[9],"[9,6,3,6,7,7,3,4]","[9,6,3,6,7,7,3,4,1,3,4,4,5,4,4,4,5,6,5,4,5,2,4,5,4,1,6,6,2]"
A4,A4-P358,1919,"[0,1,2,3,4,5,6,8,9,10]",12,1,[10],"[10,8,4,8,9,8,4,4]","[10,8,4,8,9,8,4,4,2,6,7,7,7,7,6,6,6,6,7,6,7,3,7,6,6,2,7,7,2]"
A4,A4-P359,1975,"[0,1,2,4,5,7,8,9,10]",12,1,[9],"[9,6,3,7,6,7,4,3]","[9,6,3,7,6,7,4,3,1,4,3,4,4,5,6,5,4,4,4,5,5,1,6,5,6,2,4,4,2]"
A4,A4-P360,1979,"[0,1,3,4,5,7,8,9,10]",4,3,[9],"[9,6,3,9,6,6,3,3]","[9,6,3,9,6,6,3,3,1,6,3,6,3,3,3,6,6,3,3,6,6,1,6,3,6,3,6,3,1]"
A4,A4-P361,1983,"[0,1,2,3,4,5,7,8,9,10]",12,1,[10],"[10,8,4,9,8,8,4,4]","[10,8,4,9,8,8,4,4,2,7,6,7,6,6,6,7,7,6,6,7,7,2,7,6,7,3,7,6,2]"
A4,A4-P362,2029,"[0,2,3,5,6,7,8,9,10]",4,3,[9],"[9,6,3,6,6,9,3,3]","[9,6,3,6,6,9,3,3,1,3,3,3,6,3,6,6,3,6,6,6,6,1,3,3,6,1,3,6,3]"
A4,A4-P363,2031,"[0,1,2,3,5,6,7,8,9,10]",12,1,[10],"[10,8,4,8,8,9,4,4]","[10,8,4,8,8,9,4,4,2,6,6,6,7,6,7,7,6,7,7,7,7,2,6,6,7,2,6,7,3]"
A4,A4-P364,2039,"[0,1,2,4,5,6,7,8,9,10]",6,2,[10],"[10,8,4,8,8,8,5,4]","[10,8,4,8,8,8,5,4,2,6,6,6,6,8,8,6,6,6,6,6,6,2,8,8,8,2,6,6,2]"
A4,A4-P365,2046,"[1,2,3,4,5,6,7,8,9,10]",6,2,[10],"[10,8,4,8,8,8,4,5]","[10,8,4,8,8,8,4,5,2,6,6,6,6,6,6,6,8,8,6,6,6,2,6,8,6,2,8,8,2]"
A4,A4-P366,2047,"[0,1,2,3,4,5,6,7,8,9,10]",12,1,[11],"[11,10,5,10,10,10,5,5]","[11,10,5,10,10,10,5,5,3,9,9,9,9,9,9,9,9,9,9,9,9,3,9,9,9,3,9,9,3]"
A4,A4-P367,4095,"[0,1,2,3,4,5,6,7,8,9,10,11]",1,12,[12],"[12,12,6,12,12,12,6,6]","[12,12,6,12,12,12,6,6,4,12,12,12,12,12,12,12,12,12,12,12,12,4,12,12,12,4,12,12,4]"
