group,coordinate_id,degree,degree_index,canonical_support_mask,support_arc_indices,orbit_size,setwise_stabilizer_order
S4,S4-D1-C000,1,0,1,[0],12,2
S4,S4-D2-C000,2,0,3,"[0,1]",12,2
S4,S4-D2-C001,2,1,9,"[0,3]",6,4
S4,S4-D2-C002,2,2,10,"[1,3]",24,1
S4,S4-D2-C003,2,3,18,"[1,4]",12,2
S4,S4-D2-C004,2,4,20,"[2,4]",12,2
S4,S4-D3-C000,3,0,7,"[0,1,2]",4,6
S4,S4-D3-C001,3,1,11,"[0,1,3]",24,1
S4,S4-D3-C002,3,2,14,"[1,2,3]",12,2
S4,S4-D3-C003,3,3,19,"[0,1,4]",24,1
S4,S4-D3-C004,3,4,21,"[0,2,4]",24,1
S4,S4-D3-C005,3,5,22,"[1,2,4]",24,1
S4,S4-D3-C006,3,6,73,"[0,3,6]",24,1
S4,S4-D3-C007,3,7,76,"[2,3,6]",12,2
S4,S4-D3-C008,3,8,81,"[0,4,6]",8,3
S4,S4-D3-C009,3,9,84,"[2,4,6]",24,1
S4,S4-D3-C010,3,10,98,"[1,5,6]",12,2
S4,S4-D3-C011,3,11,100,"[2,5,6]",24,1
S4,S4-D3-C012,3,12,292,"[2,5,8]",4,6
A4,A4-D1-C000,1,0,1,[0],12,1
A4,A4-D2-C000,2,0,3,"[0,1]",12,1
A4,A4-D2-C001,2,1,9,"[0,3]",6,2
A4,A4-D2-C002,2,2,10,"[1,3]",12,1
A4,A4-D2-C003,2,3,12,"[2,3]",12,1
A4,A4-D2-C004,2,4,18,"[1,4]",12,1
A4,A4-D2-C005,2,5,20,"[2,4]",6,2
A4,A4-D2-C006,2,6,34,"[1,5]",6,2
A4,A4-D3-C000,3,0,7,"[0,1,2]",4,3
A4,A4-D3-C001,3,1,11,"[0,1,3]",12,1
A4,A4-D3-C002,3,2,13,"[0,2,3]",12,1
A4,A4-D3-C003,3,3,14,"[1,2,3]",12,1
A4,A4-D3-C004,3,4,19,"[0,1,4]",12,1
A4,A4-D3-C005,3,5,21,"[0,2,4]",12,1
A4,A4-D3-C006,3,6,22,"[1,2,4]",12,1
A4,A4-D3-C007,3,7,26,"[1,3,4]",12,1
A4,A4-D3-C008,3,8,35,"[0,1,5]",12,1
A4,A4-D3-C009,3,9,38,"[1,2,5]",12,1
A4,A4-D3-C010,3,10,73,"[0,3,6]",12,1
A4,A4-D3-C011,3,11,74,"[1,3,6]",12,1
A4,A4-D3-C012,3,12,76,"[2,3,6]",12,1
A4,A4-D3-C013,3,13,81,"[0,4,6]",4,3
A4,A4-D3-C014,3,14,84,"[2,4,6]",12,1
A4,A4-D3-C015,3,15,98,"[1,5,6]",12,1
A4,A4-D3-C016,3,16,100,"[2,5,6]",12,1
A4,A4-D3-C017,3,17,138,"[1,3,7]",4,3
A4,A4-D3-C018,3,18,140,"[2,3,7]",12,1
A4,A4-D3-C019,3,19,164,"[2,5,7]",12,1
A4,A4-D3-C020,3,20,292,"[2,5,8]",4,3
